i: 0, cumProbs[0]: 3.3521264402543045E-5
i: 1, cumProbs[1]: 6.782010165329395E-5
i: 2, cumProbs[2]: 1.087938296651237E-4
i: 3, cumProbs[3]: 1.6508710339161023E-4
i: 4, cumProbs[4]: 2.255829705971742E-4
i: 5, cumProbs[5]: 5.750060528967233E-4
i: 6, cumProbs[6]: 0.0010626102981478544
i: 7, cumProbs[7]: 0.001609395831772037
i: 8, cumProbs[8]: 0.0021605927058968577
i: 9, cumProbs[9]: 0.00274188256117259
i: 10, cumProbs[10]: 0.003351108576640992
i: 11, cumProbs[11]: 0.003963830518080815
i: 12, cumProbs[12]: 0.004751716461966586
i: 13, cumProbs[13]: 0.005567531241918087
i: 14, cumProbs[14]: 0.006460741184693361
i: 15, cumProbs[15]: 0.007356263057434035
i: 16, cumProbs[16]: 0.00840427576522813
i: 17, cumProbs[17]: 0.009606597254008082
i: 18, cumProbs[18]: 0.01086002112715534
i: 19, cumProbs[19]: 0.012273811876013575
i: 20, cumProbs[20]: 0.013694730344317814
i: 21, cumProbs[21]: 0.015125549580426773
i: 22, cumProbs[22]: 0.016598504204357968
i: 23, cumProbs[23]: 0.0180836157919551
i: 24, cumProbs[24]: 0.019661927777303106
i: 25, cumProbs[25]: 0.02125348587583104
i: 26, cumProbs[26]: 0.022883192711173107
i: 27, cumProbs[27]: 0.02475346281106456
i: 28, cumProbs[28]: 0.026690470198798034
i: 29, cumProbs[29]: 0.02867365609337775
i: 30, cumProbs[30]: 0.030675757393195703
i: 31, cumProbs[31]: 0.03278539116505819
i: 32, cumProbs[32]: 0.03496448590242438
i: 33, cumProbs[33]: 0.03715145326461109
i: 34, cumProbs[34]: 0.03936756146915241
i: 35, cumProbs[35]: 0.04161602218559986
i: 36, cumProbs[36]: 0.04391810016410316
i: 37, cumProbs[37]: 0.046349754372627186
i: 38, cumProbs[38]: 0.04880317421173544
i: 39, cumProbs[39]: 0.05125896365219026
i: 40, cumProbs[40]: 0.05376014782639688
i: 41, cumProbs[41]: 0.05626725923479026
i: 42, cumProbs[42]: 0.058775785515157226
i: 43, cumProbs[43]: 0.06161721201602612
i: 44, cumProbs[44]: 0.06445988352562039
i: 45, cumProbs[45]: 0.06733804185702326
i: 46, cumProbs[46]: 0.07027078346955314
i: 47, cumProbs[47]: 0.07322629461479332
i: 48, cumProbs[48]: 0.07621183201275478
i: 49, cumProbs[49]: 0.07926862938488469
i: 50, cumProbs[50]: 0.08235458639791679
i: 51, cumProbs[51]: 0.08548587103845269
i: 52, cumProbs[52]: 0.08866922695864908
i: 53, cumProbs[53]: 0.09190326224313886
i: 54, cumProbs[54]: 0.09519363490598765
i: 55, cumProbs[55]: 0.09854621390312843
i: 56, cumProbs[56]: 0.10192985600847904
i: 57, cumProbs[57]: 0.10532443008750968
i: 58, cumProbs[58]: 0.10883153998785176
i: 59, cumProbs[59]: 0.11244957784375671
i: 60, cumProbs[60]: 0.11608274359578995
i: 61, cumProbs[61]: 0.11977713403233005
i: 62, cumProbs[62]: 0.12362923230697101
i: 63, cumProbs[63]: 0.12755867782349845
i: 64, cumProbs[64]: 0.1315651533456431
i: 65, cumProbs[65]: 0.13563343548096587
i: 66, cumProbs[66]: 0.13974432509934592
i: 67, cumProbs[67]: 0.14391088791978277
i: 68, cumProbs[68]: 0.14820309762261327
i: 69, cumProbs[69]: 0.15250729362326015
i: 70, cumProbs[70]: 0.15683661775528546
i: 71, cumProbs[71]: 0.16124540098807238
i: 72, cumProbs[72]: 0.16584265570186224
i: 73, cumProbs[73]: 0.17046178899247222
i: 74, cumProbs[74]: 0.17521073602329978
i: 75, cumProbs[75]: 0.17999587360621208
i: 76, cumProbs[76]: 0.18484761051863555
i: 77, cumProbs[77]: 0.18972186564640764
i: 78, cumProbs[78]: 0.19461186732608785
i: 79, cumProbs[79]: 0.19951237562627697
i: 80, cumProbs[80]: 0.2045483004744068
i: 81, cumProbs[81]: 0.20969954075001757
i: 82, cumProbs[82]: 0.21500256157312436
i: 83, cumProbs[83]: 0.22049847696214528
i: 84, cumProbs[84]: 0.2259944469083149
i: 85, cumProbs[85]: 0.2315342559468144
i: 86, cumProbs[86]: 0.23711563113938883
i: 87, cumProbs[87]: 0.24273057360472955
i: 88, cumProbs[88]: 0.24840566292679941
i: 89, cumProbs[89]: 0.2541177775550125
i: 90, cumProbs[90]: 0.25987195001031976
i: 91, cumProbs[91]: 0.2656458236923459
i: 92, cumProbs[92]: 0.2714573048783509
i: 93, cumProbs[93]: 0.2773068268712018
i: 94, cumProbs[94]: 0.28326347444772854
i: 95, cumProbs[95]: 0.28922083076648647
i: 96, cumProbs[96]: 0.2951828246453981
i: 97, cumProbs[97]: 0.30115105103405776
i: 98, cumProbs[98]: 0.30713453214256337
i: 99, cumProbs[99]: 0.31312338491355485
i: 100, cumProbs[100]: 0.31913236030865266
i: 101, cumProbs[101]: 0.3252077935820395
i: 102, cumProbs[102]: 0.3313421272173748
i: 103, cumProbs[103]: 0.33773312525385374
i: 104, cumProbs[104]: 0.3441311380208979
i: 105, cumProbs[105]: 0.3507051009493978
i: 106, cumProbs[106]: 0.3573009728356491
i: 107, cumProbs[107]: 0.3639274227512214
i: 108, cumProbs[108]: 0.3706207670980538
i: 109, cumProbs[109]: 0.3773736889341299
i: 110, cumProbs[110]: 0.38426670579636496
i: 111, cumProbs[111]: 0.3912419864785325
i: 112, cumProbs[112]: 0.39834387223378803
i: 113, cumProbs[113]: 0.405483274332825
i: 114, cumProbs[114]: 0.4126678911434536
i: 115, cumProbs[115]: 0.41986649486886674
i: 116, cumProbs[116]: 0.4270906322058556
i: 117, cumProbs[117]: 0.434417021299955
i: 118, cumProbs[118]: 0.4417807414108733
i: 119, cumProbs[119]: 0.4492150697742358
i: 120, cumProbs[120]: 0.45667357251078483
i: 121, cumProbs[121]: 0.46413724651186283
i: 122, cumProbs[122]: 0.47165834365454246
i: 123, cumProbs[123]: 0.4792131305086285
i: 124, cumProbs[124]: 0.4868485763620213
i: 125, cumProbs[125]: 0.49462695114631317
i: 126, cumProbs[126]: 0.5024403711710967
i: 127, cumProbs[127]: 0.5102567424423834
i: 128, cumProbs[128]: 0.5181781654567885
i: 129, cumProbs[129]: 0.52620233797865
i: 130, cumProbs[130]: 0.5342636983008147
i: 131, cumProbs[131]: 0.5423958283029702
i: 132, cumProbs[132]: 0.5506500882816623
i: 133, cumProbs[133]: 0.558922184895227
i: 134, cumProbs[134]: 0.5672991391646535
i: 135, cumProbs[135]: 0.5756839826275691
i: 136, cumProbs[136]: 0.5841153167628313
i: 137, cumProbs[137]: 0.5925842316077772
i: 138, cumProbs[138]: 0.6011433259031176
i: 139, cumProbs[139]: 0.6098205562637519
i: 140, cumProbs[140]: 0.6185404222851867
i: 141, cumProbs[141]: 0.6272664171901018
i: 142, cumProbs[142]: 0.6359969415101705
i: 143, cumProbs[143]: 0.6447313478802135
i: 144, cumProbs[144]: 0.6537036374523523
i: 145, cumProbs[145]: 0.662747535859508
i: 146, cumProbs[146]: 0.6718409047599698
i: 147, cumProbs[147]: 0.6809702633927811
i: 148, cumProbs[148]: 0.6901838473269793
i: 149, cumProbs[149]: 0.6994657481635445
i: 150, cumProbs[150]: 0.7087477935379458
i: 151, cumProbs[151]: 0.7181202971490066
i: 152, cumProbs[152]: 0.727638406467065
i: 153, cumProbs[153]: 0.7371717253833563
i: 154, cumProbs[154]: 0.746746503081911
i: 155, cumProbs[155]: 0.7563353348922469
i: 156, cumProbs[156]: 0.7659266422172467
i: 157, cumProbs[157]: 0.7755565897098651
i: 158, cumProbs[158]: 0.7852731856540639
i: 159, cumProbs[159]: 0.795176597791593
i: 160, cumProbs[160]: 0.8051201330442643
i: 161, cumProbs[161]: 0.8150790865429123
i: 162, cumProbs[162]: 0.8250537029329763
i: 163, cumProbs[163]: 0.8351350441259566
i: 164, cumProbs[164]: 0.845247359280905
i: 165, cumProbs[165]: 0.8554511964428217
i: 166, cumProbs[166]: 0.8656759955829135
i: 167, cumProbs[167]: 0.8759074177531113
i: 168, cumProbs[168]: 0.8861501302840927
i: 169, cumProbs[169]: 0.8963934377689471
i: 170, cumProbs[170]: 0.9066628208369076
i: 171, cumProbs[171]: 0.9169357304582888
i: 172, cumProbs[172]: 0.9272166709490077
i: 173, cumProbs[173]: 0.9374981527256411
i: 174, cumProbs[174]: 0.9477917067431438
i: 175, cumProbs[175]: 0.9581211779961608
i: 176, cumProbs[176]: 0.9685449288814103
i: 177, cumProbs[177]: 0.9789704480823229
i: 178, cumProbs[178]: 0.9894086509629648
i: 179, cumProbs[179]: 1.0000000000000004
15855c2e-e165-44f8-9954-92b767bc8764_MG_122=[19,76,112], count=3
deb5dd59-2b78-4ee6-b859-09f68cdc52e5_MG_99=[48,164], count=2
b754394a-8daa-4c01-b19f-785afb86f161_MG_135=[56,13], count=2
8f42717b-6a04-4637-a102-3e71203b85de_MG_17=[15,108,146], count=3
9dab0bca-a117-496b-9921-502493082b1d_MG_128=[175,193], count=2
2eacba4f-d060-45dc-85db-078929004bf2_MG_157=[61,182], count=2
81fcf9d0-1c3c-4d1f-bcc1-1398f2be1986_MG_107=[203,211], count=2
233f7c2c-bd99-44ba-8ce7-e83d948b11d8_MG_19=[143,147], count=2
57306aa7-ef7a-442f-9fa5-99d0a743ed02_MG_147=[89,86], count=2
8d7f181f-a7d6-4156-b655-e27e36f4e828_MG_63=[127,135], count=2
a8dacc3c-adee-449b-bbe7-72add68ff96a_MG_52=[71,160], count=2
eaa99c89-22e8-4665-8096-e89d5fb85a62_MG_95=[102,45], count=2
dcf6e52e-5ff7-46d4-b2a5-2f3bf9e3eae0_MG_115=[115,181], count=2
484e2055-f4ba-4d51-a1c6-ce8d1fabd646_MG_103=[3,165], count=2
df32abaf-6d1f-477e-99d3-5c4021f3656b_MG_54=[33,113], count=2
78283441-9bc0-4b6d-983b-5bedb48b09b4_MG_76=[137,118], count=2
94a7edad-e715-4585-b9ff-a1cf05b4fee2_MG_97=[156,41], count=2
1e5733d0-e21e-4425-8523-473b56f656ef_MG_172=[189,200], count=2
b1d3d6bf-bfb3-4494-8dfc-987199f8677c_MG_51=[134,174], count=2
0962afb5-9252-4a60-9b9f-67b67c83af79_MG_102=[21,104], count=2
32c7cf79-2474-435d-b295-72f42a8de356_MG_10=[36,58], count=2
cdf14c21-9d8a-4fdd-9c04-64ca2159366b_MG_48=[122,172], count=2
49e5e405-f4d6-4708-949f-378829e5fb7f_MG_166=[18,116], count=2
a1d17520-033f-44c1-bb5c-0951eb9a52e4_MG_67=[157,177], count=2
796516de-4776-4c4d-a76a-a1001d7b28dd_MG_20=[73,216], count=2
b46afd46-65ac-4487-861a-f3a1b2ed7e8a_MG_33=[123,131], count=2
dea86092-14c7-4162-a665-83f49abfb673_MG_78=[84,158,206], count=3
9f6c98aa-b8bc-4d87-9017-38f71f56a86a_MG_88=[9,145,217], count=3
4718e8b8-7b84-4257-95aa-ac0805d1f0f4_MG_141=[215,70], count=2
6d789359-9c51-41ed-bdc1-43d65b49d672_MG_3=[23,74], count=2
Projections Group=[148,129], count=2
1592ad8b-3c60-42f7-b290-4a666ea54a4f_MG_72=[50,83,92,171], count=4
54622505-d746-4d23-b2f4-5876164cbc7d_MG_132=[55,110], count=2
0c5a8ebb-a903-4614-a408-44a4bd50730d_MG_26=[1,57,69], count=3
b1819318-14b7-4452-9942-91566b54dc00_MG_32=[34,140,223], count=3
988cb80d-454b-4572-bfae-313d29c65de0_MG_158=[212,198], count=2
75b9a1c1-fdb2-4ac7-8188-2c7f7e2ae2da_MG_13=[2,30,136,214], count=4
eda8987c-4b3b-4e3d-91a4-f50a53e453a8_MG_92=[37,132,207], count=3
23d893ca-d234-42fb-94e8-e0d4eea8fbfc_MG_148=[153,167], count=2
2489db16-3c76-4855-9642-ed88250d13ce_MG_137=[22,91,105], count=3
ee99e43e-5fcf-44ed-b054-b0093fd3498f_MG_57=[54,154,196], count=3
7c4e29b4-10e7-4111-87d9-308890f571f4_MG_16=[40,144,204], count=3
b654ed19-1f76-4c88-95e6-0cf5c9276ffd_MG_60=[90,162], count=2
d5d469d8-6b8a-45ba-9b62-adef814356c2_MG_49=[178,81], count=2
e8beaebc-1f5c-495b-8ba7-9c6181ce0143_MG_9=[52,106], count=2
4e54624a-cd1d-48c5-b719-a173b35d77b4_MG_159=[11,24], count=2
a0fe7203-b4e3-4bdb-aa91-f12516c52e53_MG_112=[186,208], count=2
00137c74-a292-4bd5-a785-ef6597116b65_MG_100=[63,96], count=2
9955784c-a8eb-4480-9436-28298bf01369_MG_164=[59,103], count=2
0be6dd73-3dd3-41f3-b203-ab36681152c5_MG_170=[111,125], count=2
8ec91ebf-77e5-4757-a7f8-f1fc78754f17_MG_138=[8,12], count=2
660200c7-3b16-4f63-a0c8-ec311750d558_MG_5=[194,199], count=2
68d359f8-8c40-4f65-a040-86ff79151ba9_MG_15=[43,51,213], count=3
f843113e-a89c-4888-9ad3-1b204628b996_MG_65=[75,187], count=2
311fe41b-5502-45ff-862f-951e4be90674_MG_71=[6,16,100,179], count=4
8bdbd148-2f64-4bdd-a35b-13e0d83d6639_MG_75=[101,210], count=2
97b8013a-1614-4a37-90ca-d43ec48732bd_MG_176=[77,53], count=2
a00e26ec-d0ff-4d28-b112-d19267b8a047_MG_140=[5,67,161], count=3
58bf3379-befa-44b4-a88e-480d337b9f96_MG_153=[60,197,219], count=3
1fc145b4-ee04-4cbf-b1b5-121a312990de_MG_104=[28,121], count=2
f1bcab45-04c4-4096-bed8-fe00cafa96c5_MG_90=[44,87,159], count=3
971a94b5-04a5-40f9-ab37-52c5b1782890_MG_117=[64,168,218], count=3
0fd9492e-bd51-4f12-beb9-9ff03de55ccb_MG_81=[133,141,205], count=3
cccbfdf6-ba7e-4264-8589-c1eee3874327_MG_150=[94,126,166], count=3
f893af9f-f198-4a36-a908-1fee55dc02aa_MG_149=[31,35], count=2
193b3388-4c57-404a-81a0-42badec784ae_MG_118=[10,32,66,139], count=4
15479fd4-675f-4947-abb3-7e2058230fb8_MG_125=[20,65,93], count=3
a6911b63-e503-48b5-b905-b29c293d658e_MG_68=[39,107,170,192], count=4
437f712d-4b6d-49e8-a129-30ea2c9d56b1_MG_127=[4,68,117], count=3
867aa3ae-062f-442f-b33d-04386893894f_MG_4=[25,124,152,195,220], count=5
5a029b11-2c45-413b-87b4-fff71fec165c_MG_124=[26,180], count=2
594a4e09-8edf-4f84-8ed0-cf957dc08cdb_MG_119=[85,114,130], count=3
5740d0e5-6a20-4e11-b3c2-ed3ec39cb28e_MG_123=[184,27], count=2
149443ce-326c-4467-893c-a1876e2a762a_MG_156=[17,191], count=2
6dedf7e0-bb90-4414-981d-2e5f625ac081_MG_163=[128,163], count=2
7dc7047d-f01f-4ee4-862f-41f9b985366b_MG_8=[7,38], count=2
ecb8d7bc-b8c1-4009-92e8-c83ebd47cde3_MG_113=[49,138,169], count=3
7ccabda2-1afd-44e8-8d69-8895da6f3b93_MG_85=[14,78,188,202], count=4
2ce1a125-2f49-4132-b39e-50f96d6dfec7_MG_146=[95,150], count=2
c65d712f-ad5c-48b1-b358-08678ead15ed_MG_109=[0,72,173,201], count=4
a0103573-d4c0-4cd3-814c-4a96c6ce6185_MG_111=[109,209], count=2
4d21775d-4b81-4818-b232-e5073560a5a3_MG_134=[176,151], count=2
9ea36b4c-2aa1-46b7-98c5-785e7f73c423_MG_24=[62,98,183,185], count=4
0d92cc5a-87d2-48cc-847d-853b7fae6a7d_MG_82=[29,47,80,190], count=4
f12a08d7-8aff-49ab-b22d-349031a1872a_MG_114=[119,46], count=2
ae61114f-4a99-4052-aee1-df1865791cd3_MG_64=[99,120,142,222,224], count=5
5c3890f4-0ac5-4d33-a551-cca4ce0c379c_MG_121=[42,79,88], count=3
24833ce3-4c1c-46c5-8b62-64bd4ac9e489_MG_25=[97,155,221], count=3
ebc1858e-3a0b-480a-b72f-90790e7ea090_MG_116=[82,149], count=2
