f4faf112-aa44-4188-9aa5-319f8423dae4_MG_23-->f4faf112-aa44-4188-9aa5-319f8423dae4_M_3;f4faf112-aa44-4188-9aa5-319f8423dae4_M_4;f4faf112-aa44-4188-9aa5-319f8423dae4_M_5;f4faf112-aa44-4188-9aa5-319f8423dae4_M_6;f4faf112-aa44-4188-9aa5-319f8423dae4_M_0;f4faf112-aa44-4188-9aa5-319f8423dae4_M_1;f4faf112-aa44-4188-9aa5-319f8423dae4_M_2
94a7edad-e715-4585-b9ff-a1cf05b4fee2_M_4-->94a7edad-e715-4585-b9ff-a1cf05b4fee2_MG_97
94a7edad-e715-4585-b9ff-a1cf05b4fee2_M_3-->94a7edad-e715-4585-b9ff-a1cf05b4fee2_MG_97
95feff29-6068-428e-b6f5-9e1226cfca32_M_2-->95feff29-6068-428e-b6f5-9e1226cfca32_MG_130
94a7edad-e715-4585-b9ff-a1cf05b4fee2_M_0-->94a7edad-e715-4585-b9ff-a1cf05b4fee2_MG_97
94a7edad-e715-4585-b9ff-a1cf05b4fee2_M_2-->94a7edad-e715-4585-b9ff-a1cf05b4fee2_MG_97
94a7edad-e715-4585-b9ff-a1cf05b4fee2_M_1-->94a7edad-e715-4585-b9ff-a1cf05b4fee2_MG_97
40151b53-6391-4519-a7cc-f7e93053b2fd_M_6-->40151b53-6391-4519-a7cc-f7e93053b2fd_MG_173
b06198c0-4c64-492e-9a3f-4d059f31dc72_M_6-->b06198c0-4c64-492e-9a3f-4d059f31dc72_MG_80
b06198c0-4c64-492e-9a3f-4d059f31dc72_M_7-->b06198c0-4c64-492e-9a3f-4d059f31dc72_MG_80
b06198c0-4c64-492e-9a3f-4d059f31dc72_M_8-->b06198c0-4c64-492e-9a3f-4d059f31dc72_MG_80
b06198c0-4c64-492e-9a3f-4d059f31dc72_M_2-->b06198c0-4c64-492e-9a3f-4d059f31dc72_MG_80
b06198c0-4c64-492e-9a3f-4d059f31dc72_M_3-->b06198c0-4c64-492e-9a3f-4d059f31dc72_MG_80
b06198c0-4c64-492e-9a3f-4d059f31dc72_M_4-->b06198c0-4c64-492e-9a3f-4d059f31dc72_MG_80
b06198c0-4c64-492e-9a3f-4d059f31dc72_M_5-->b06198c0-4c64-492e-9a3f-4d059f31dc72_MG_80
0d92cc5a-87d2-48cc-847d-853b7fae6a7d_M_0-->0d92cc5a-87d2-48cc-847d-853b7fae6a7d_MG_82
0d92cc5a-87d2-48cc-847d-853b7fae6a7d_M_1-->0d92cc5a-87d2-48cc-847d-853b7fae6a7d_MG_82
0d92cc5a-87d2-48cc-847d-853b7fae6a7d_M_2-->0d92cc5a-87d2-48cc-847d-853b7fae6a7d_MG_82
282644ac-fee8-4aff-b79b-e23894ac6e17_MG_133-->282644ac-fee8-4aff-b79b-e23894ac6e17_M_6;282644ac-fee8-4aff-b79b-e23894ac6e17_M_7;282644ac-fee8-4aff-b79b-e23894ac6e17_M_4;282644ac-fee8-4aff-b79b-e23894ac6e17_M_5;282644ac-fee8-4aff-b79b-e23894ac6e17_M_2;282644ac-fee8-4aff-b79b-e23894ac6e17_M_3;282644ac-fee8-4aff-b79b-e23894ac6e17_M_0;282644ac-fee8-4aff-b79b-e23894ac6e17_M_1
a648eab4-9dab-4e2b-a22d-475e60dab9a2_MG_50-->a648eab4-9dab-4e2b-a22d-475e60dab9a2_M_0;a648eab4-9dab-4e2b-a22d-475e60dab9a2_M_1;a648eab4-9dab-4e2b-a22d-475e60dab9a2_M_2;a648eab4-9dab-4e2b-a22d-475e60dab9a2_M_3;a648eab4-9dab-4e2b-a22d-475e60dab9a2_M_4;a648eab4-9dab-4e2b-a22d-475e60dab9a2_M_5
233f7c2c-bd99-44ba-8ce7-e83d948b11d8_M_3-->233f7c2c-bd99-44ba-8ce7-e83d948b11d8_MG_19
b754394a-8daa-4c01-b19f-785afb86f161_MG_135-->b754394a-8daa-4c01-b19f-785afb86f161_M_5;b754394a-8daa-4c01-b19f-785afb86f161_M_3;b754394a-8daa-4c01-b19f-785afb86f161_M_4;b754394a-8daa-4c01-b19f-785afb86f161_M_1;b754394a-8daa-4c01-b19f-785afb86f161_M_2;b754394a-8daa-4c01-b19f-785afb86f161_M_0
233f7c2c-bd99-44ba-8ce7-e83d948b11d8_M_4-->233f7c2c-bd99-44ba-8ce7-e83d948b11d8_MG_19
233f7c2c-bd99-44ba-8ce7-e83d948b11d8_M_5-->233f7c2c-bd99-44ba-8ce7-e83d948b11d8_MG_19
233f7c2c-bd99-44ba-8ce7-e83d948b11d8_M_6-->233f7c2c-bd99-44ba-8ce7-e83d948b11d8_MG_19
233f7c2c-bd99-44ba-8ce7-e83d948b11d8_M_7-->233f7c2c-bd99-44ba-8ce7-e83d948b11d8_MG_19
5baa0e7f-63ae-47fe-b666-9236dfdd86ab_MG_101-->5baa0e7f-63ae-47fe-b666-9236dfdd86ab_M_6;5baa0e7f-63ae-47fe-b666-9236dfdd86ab_M_1;5baa0e7f-63ae-47fe-b666-9236dfdd86ab_M_0;5baa0e7f-63ae-47fe-b666-9236dfdd86ab_M_3;5baa0e7f-63ae-47fe-b666-9236dfdd86ab_M_2;5baa0e7f-63ae-47fe-b666-9236dfdd86ab_M_5;5baa0e7f-63ae-47fe-b666-9236dfdd86ab_M_4
95feff29-6068-428e-b6f5-9e1226cfca32_M_0-->95feff29-6068-428e-b6f5-9e1226cfca32_MG_130
8f42717b-6a04-4637-a102-3e71203b85de_MG_17-->8f42717b-6a04-4637-a102-3e71203b85de_M_4;8f42717b-6a04-4637-a102-3e71203b85de_M_5;8f42717b-6a04-4637-a102-3e71203b85de_M_0;8f42717b-6a04-4637-a102-3e71203b85de_M_1;8f42717b-6a04-4637-a102-3e71203b85de_M_2;8f42717b-6a04-4637-a102-3e71203b85de_M_3
233f7c2c-bd99-44ba-8ce7-e83d948b11d8_M_0-->233f7c2c-bd99-44ba-8ce7-e83d948b11d8_MG_19
b5787f6f-3559-4b94-be30-b9b0cd81b618_MG_79-->b5787f6f-3559-4b94-be30-b9b0cd81b618_M_6;b5787f6f-3559-4b94-be30-b9b0cd81b618_M_5;b5787f6f-3559-4b94-be30-b9b0cd81b618_M_4;b5787f6f-3559-4b94-be30-b9b0cd81b618_M_3;b5787f6f-3559-4b94-be30-b9b0cd81b618_M_2;b5787f6f-3559-4b94-be30-b9b0cd81b618_M_1;b5787f6f-3559-4b94-be30-b9b0cd81b618_M_0
9dab0bca-a117-496b-9921-502493082b1d_MG_128-->9dab0bca-a117-496b-9921-502493082b1d_M_1;9dab0bca-a117-496b-9921-502493082b1d_M_2;9dab0bca-a117-496b-9921-502493082b1d_M_0;9dab0bca-a117-496b-9921-502493082b1d_M_5;9dab0bca-a117-496b-9921-502493082b1d_M_3;9dab0bca-a117-496b-9921-502493082b1d_M_4
95feff29-6068-428e-b6f5-9e1226cfca32_M_1-->95feff29-6068-428e-b6f5-9e1226cfca32_MG_130
233f7c2c-bd99-44ba-8ce7-e83d948b11d8_M_1-->233f7c2c-bd99-44ba-8ce7-e83d948b11d8_MG_19
233f7c2c-bd99-44ba-8ce7-e83d948b11d8_M_2-->233f7c2c-bd99-44ba-8ce7-e83d948b11d8_MG_19
05fb87dd-c7e9-42b8-a56b-913d34f24d17_MG_171-->05fb87dd-c7e9-42b8-a56b-913d34f24d17_M_0;05fb87dd-c7e9-42b8-a56b-913d34f24d17_M_5;05fb87dd-c7e9-42b8-a56b-913d34f24d17_M_4;05fb87dd-c7e9-42b8-a56b-913d34f24d17_M_3;05fb87dd-c7e9-42b8-a56b-913d34f24d17_M_2;05fb87dd-c7e9-42b8-a56b-913d34f24d17_M_1
1f5dc54f-6eb7-4f17-a171-146fae84a2f5_M_4-->1f5dc54f-6eb7-4f17-a171-146fae84a2f5_MG_55
233f7c2c-bd99-44ba-8ce7-e83d948b11d8_MG_19-->233f7c2c-bd99-44ba-8ce7-e83d948b11d8_M_0;233f7c2c-bd99-44ba-8ce7-e83d948b11d8_M_1;233f7c2c-bd99-44ba-8ce7-e83d948b11d8_M_2;233f7c2c-bd99-44ba-8ce7-e83d948b11d8_M_3;233f7c2c-bd99-44ba-8ce7-e83d948b11d8_M_4;233f7c2c-bd99-44ba-8ce7-e83d948b11d8_M_5;233f7c2c-bd99-44ba-8ce7-e83d948b11d8_M_6;233f7c2c-bd99-44ba-8ce7-e83d948b11d8_M_7
867aa3ae-062f-442f-b33d-04386893894f_M_3-->867aa3ae-062f-442f-b33d-04386893894f_MG_4
4d21775d-4b81-4818-b232-e5073560a5a3_M_3-->4d21775d-4b81-4818-b232-e5073560a5a3_MG_134
4d21775d-4b81-4818-b232-e5073560a5a3_M_4-->4d21775d-4b81-4818-b232-e5073560a5a3_MG_134
4d21775d-4b81-4818-b232-e5073560a5a3_M_1-->4d21775d-4b81-4818-b232-e5073560a5a3_MG_134
4d21775d-4b81-4818-b232-e5073560a5a3_M_2-->4d21775d-4b81-4818-b232-e5073560a5a3_MG_134
1f5dc54f-6eb7-4f17-a171-146fae84a2f5_M_3-->1f5dc54f-6eb7-4f17-a171-146fae84a2f5_MG_55
1f5dc54f-6eb7-4f17-a171-146fae84a2f5_M_2-->1f5dc54f-6eb7-4f17-a171-146fae84a2f5_MG_55
4d21775d-4b81-4818-b232-e5073560a5a3_M_0-->4d21775d-4b81-4818-b232-e5073560a5a3_MG_134
1f5dc54f-6eb7-4f17-a171-146fae84a2f5_M_1-->1f5dc54f-6eb7-4f17-a171-146fae84a2f5_MG_55
1f5dc54f-6eb7-4f17-a171-146fae84a2f5_M_0-->1f5dc54f-6eb7-4f17-a171-146fae84a2f5_MG_55
05fb87dd-c7e9-42b8-a56b-913d34f24d17_M_0-->05fb87dd-c7e9-42b8-a56b-913d34f24d17_MG_171
4e54624a-cd1d-48c5-b719-a173b35d77b4_M_0-->4e54624a-cd1d-48c5-b719-a173b35d77b4_MG_159
Sales-->Sales Group
4d21775d-4b81-4818-b232-e5073560a5a3_M_7-->4d21775d-4b81-4818-b232-e5073560a5a3_MG_134
4e54624a-cd1d-48c5-b719-a173b35d77b4_M_2-->4e54624a-cd1d-48c5-b719-a173b35d77b4_MG_159
867aa3ae-062f-442f-b33d-04386893894f_M_0-->867aa3ae-062f-442f-b33d-04386893894f_MG_4
4d21775d-4b81-4818-b232-e5073560a5a3_M_8-->4d21775d-4b81-4818-b232-e5073560a5a3_MG_134
2489db16-3c76-4855-9642-ed88250d13ce_M_7-->2489db16-3c76-4855-9642-ed88250d13ce_MG_137
4e54624a-cd1d-48c5-b719-a173b35d77b4_M_1-->4e54624a-cd1d-48c5-b719-a173b35d77b4_MG_159
867aa3ae-062f-442f-b33d-04386893894f_M_1-->867aa3ae-062f-442f-b33d-04386893894f_MG_4
4d21775d-4b81-4818-b232-e5073560a5a3_M_5-->4d21775d-4b81-4818-b232-e5073560a5a3_MG_134
Returned Items-->Inventory Group
867aa3ae-062f-442f-b33d-04386893894f_M_2-->867aa3ae-062f-442f-b33d-04386893894f_MG_4
4d21775d-4b81-4818-b232-e5073560a5a3_M_6-->4d21775d-4b81-4818-b232-e5073560a5a3_MG_134
4e54624a-cd1d-48c5-b719-a173b35d77b4_M_3-->4e54624a-cd1d-48c5-b719-a173b35d77b4_MG_159
eaa99c89-22e8-4665-8096-e89d5fb85a62_MG_95-->eaa99c89-22e8-4665-8096-e89d5fb85a62_M_4;eaa99c89-22e8-4665-8096-e89d5fb85a62_M_2;eaa99c89-22e8-4665-8096-e89d5fb85a62_M_3;eaa99c89-22e8-4665-8096-e89d5fb85a62_M_0;eaa99c89-22e8-4665-8096-e89d5fb85a62_M_1
05fb87dd-c7e9-42b8-a56b-913d34f24d17_M_5-->05fb87dd-c7e9-42b8-a56b-913d34f24d17_MG_171
05fb87dd-c7e9-42b8-a56b-913d34f24d17_M_4-->05fb87dd-c7e9-42b8-a56b-913d34f24d17_MG_171
05fb87dd-c7e9-42b8-a56b-913d34f24d17_M_3-->05fb87dd-c7e9-42b8-a56b-913d34f24d17_MG_171
05fb87dd-c7e9-42b8-a56b-913d34f24d17_M_2-->05fb87dd-c7e9-42b8-a56b-913d34f24d17_MG_171
05fb87dd-c7e9-42b8-a56b-913d34f24d17_M_1-->05fb87dd-c7e9-42b8-a56b-913d34f24d17_MG_171
484e2055-f4ba-4d51-a1c6-ce8d1fabd646_MG_103-->484e2055-f4ba-4d51-a1c6-ce8d1fabd646_M_8;484e2055-f4ba-4d51-a1c6-ce8d1fabd646_M_7;484e2055-f4ba-4d51-a1c6-ce8d1fabd646_M_6;484e2055-f4ba-4d51-a1c6-ce8d1fabd646_M_5;484e2055-f4ba-4d51-a1c6-ce8d1fabd646_M_4;484e2055-f4ba-4d51-a1c6-ce8d1fabd646_M_3;484e2055-f4ba-4d51-a1c6-ce8d1fabd646_M_2;484e2055-f4ba-4d51-a1c6-ce8d1fabd646_M_1;484e2055-f4ba-4d51-a1c6-ce8d1fabd646_M_0
01a6649c-8ae8-473d-b8cf-b065ab3e9ec7_M_0-->01a6649c-8ae8-473d-b8cf-b065ab3e9ec7_MG_110
01a6649c-8ae8-473d-b8cf-b065ab3e9ec7_M_1-->01a6649c-8ae8-473d-b8cf-b065ab3e9ec7_MG_110
01a6649c-8ae8-473d-b8cf-b065ab3e9ec7_M_2-->01a6649c-8ae8-473d-b8cf-b065ab3e9ec7_MG_110
01a6649c-8ae8-473d-b8cf-b065ab3e9ec7_M_3-->01a6649c-8ae8-473d-b8cf-b065ab3e9ec7_MG_110
Sales Target-->Sales Group
2489db16-3c76-4855-9642-ed88250d13ce_M_4-->2489db16-3c76-4855-9642-ed88250d13ce_MG_137
2489db16-3c76-4855-9642-ed88250d13ce_M_3-->2489db16-3c76-4855-9642-ed88250d13ce_MG_137
b06198c0-4c64-492e-9a3f-4d059f31dc72_M_0-->b06198c0-4c64-492e-9a3f-4d059f31dc72_MG_80
2489db16-3c76-4855-9642-ed88250d13ce_M_6-->2489db16-3c76-4855-9642-ed88250d13ce_MG_137
b06198c0-4c64-492e-9a3f-4d059f31dc72_M_1-->b06198c0-4c64-492e-9a3f-4d059f31dc72_MG_80
2489db16-3c76-4855-9642-ed88250d13ce_M_5-->2489db16-3c76-4855-9642-ed88250d13ce_MG_137
2489db16-3c76-4855-9642-ed88250d13ce_M_0-->2489db16-3c76-4855-9642-ed88250d13ce_MG_137
2489db16-3c76-4855-9642-ed88250d13ce_M_2-->2489db16-3c76-4855-9642-ed88250d13ce_MG_137
2489db16-3c76-4855-9642-ed88250d13ce_M_1-->2489db16-3c76-4855-9642-ed88250d13ce_MG_137
f843113e-a89c-4888-9ad3-1b204628b996_M_1-->f843113e-a89c-4888-9ad3-1b204628b996_MG_65
40151b53-6391-4519-a7cc-f7e93053b2fd_M_5-->40151b53-6391-4519-a7cc-f7e93053b2fd_MG_173
f843113e-a89c-4888-9ad3-1b204628b996_M_2-->f843113e-a89c-4888-9ad3-1b204628b996_MG_65
40151b53-6391-4519-a7cc-f7e93053b2fd_M_4-->40151b53-6391-4519-a7cc-f7e93053b2fd_MG_173
68d359f8-8c40-4f65-a040-86ff79151ba9_M_6-->68d359f8-8c40-4f65-a040-86ff79151ba9_MG_15
eaa99c89-22e8-4665-8096-e89d5fb85a62_M_4-->eaa99c89-22e8-4665-8096-e89d5fb85a62_MG_95
40151b53-6391-4519-a7cc-f7e93053b2fd_M_3-->40151b53-6391-4519-a7cc-f7e93053b2fd_MG_173
f843113e-a89c-4888-9ad3-1b204628b996_M_0-->f843113e-a89c-4888-9ad3-1b204628b996_MG_65
40151b53-6391-4519-a7cc-f7e93053b2fd_M_2-->40151b53-6391-4519-a7cc-f7e93053b2fd_MG_173
f843113e-a89c-4888-9ad3-1b204628b996_M_5-->f843113e-a89c-4888-9ad3-1b204628b996_MG_65
40151b53-6391-4519-a7cc-f7e93053b2fd_M_1-->40151b53-6391-4519-a7cc-f7e93053b2fd_MG_173
f843113e-a89c-4888-9ad3-1b204628b996_M_6-->f843113e-a89c-4888-9ad3-1b204628b996_MG_65
40151b53-6391-4519-a7cc-f7e93053b2fd_M_0-->40151b53-6391-4519-a7cc-f7e93053b2fd_MG_173
f843113e-a89c-4888-9ad3-1b204628b996_M_3-->f843113e-a89c-4888-9ad3-1b204628b996_MG_65
ecb8d7bc-b8c1-4009-92e8-c83ebd47cde3_M_2-->ecb8d7bc-b8c1-4009-92e8-c83ebd47cde3_MG_113
f843113e-a89c-4888-9ad3-1b204628b996_M_4-->f843113e-a89c-4888-9ad3-1b204628b996_MG_65
ecb8d7bc-b8c1-4009-92e8-c83ebd47cde3_M_1-->ecb8d7bc-b8c1-4009-92e8-c83ebd47cde3_MG_113
68d359f8-8c40-4f65-a040-86ff79151ba9_M_0-->68d359f8-8c40-4f65-a040-86ff79151ba9_MG_15
ecb8d7bc-b8c1-4009-92e8-c83ebd47cde3_M_0-->ecb8d7bc-b8c1-4009-92e8-c83ebd47cde3_MG_113
68d359f8-8c40-4f65-a040-86ff79151ba9_M_1-->68d359f8-8c40-4f65-a040-86ff79151ba9_MG_15
68d359f8-8c40-4f65-a040-86ff79151ba9_M_4-->68d359f8-8c40-4f65-a040-86ff79151ba9_MG_15
eaa99c89-22e8-4665-8096-e89d5fb85a62_M_2-->eaa99c89-22e8-4665-8096-e89d5fb85a62_MG_95
68d359f8-8c40-4f65-a040-86ff79151ba9_M_5-->68d359f8-8c40-4f65-a040-86ff79151ba9_MG_15
eaa99c89-22e8-4665-8096-e89d5fb85a62_M_3-->eaa99c89-22e8-4665-8096-e89d5fb85a62_MG_95
68d359f8-8c40-4f65-a040-86ff79151ba9_M_2-->68d359f8-8c40-4f65-a040-86ff79151ba9_MG_15
eaa99c89-22e8-4665-8096-e89d5fb85a62_M_0-->eaa99c89-22e8-4665-8096-e89d5fb85a62_MG_95
7dff8d01-f150-4281-932a-6f20bc205c96_M_8-->7dff8d01-f150-4281-932a-6f20bc205c96_MG_169
68d359f8-8c40-4f65-a040-86ff79151ba9_M_3-->68d359f8-8c40-4f65-a040-86ff79151ba9_MG_15
eaa99c89-22e8-4665-8096-e89d5fb85a62_M_1-->eaa99c89-22e8-4665-8096-e89d5fb85a62_MG_95
7dff8d01-f150-4281-932a-6f20bc205c96_M_7-->7dff8d01-f150-4281-932a-6f20bc205c96_MG_169
7dff8d01-f150-4281-932a-6f20bc205c96_M_6-->7dff8d01-f150-4281-932a-6f20bc205c96_MG_169
7dff8d01-f150-4281-932a-6f20bc205c96_M_5-->7dff8d01-f150-4281-932a-6f20bc205c96_MG_169
7dff8d01-f150-4281-932a-6f20bc205c96_M_4-->7dff8d01-f150-4281-932a-6f20bc205c96_MG_169
7dff8d01-f150-4281-932a-6f20bc205c96_M_3-->7dff8d01-f150-4281-932a-6f20bc205c96_MG_169
7dff8d01-f150-4281-932a-6f20bc205c96_M_2-->7dff8d01-f150-4281-932a-6f20bc205c96_MG_169
7dff8d01-f150-4281-932a-6f20bc205c96_M_1-->7dff8d01-f150-4281-932a-6f20bc205c96_MG_169
7dff8d01-f150-4281-932a-6f20bc205c96_M_0-->7dff8d01-f150-4281-932a-6f20bc205c96_MG_169
af9b30e9-4f5f-4c11-b78e-30e523c9773c_MG_66-->af9b30e9-4f5f-4c11-b78e-30e523c9773c_M_0;af9b30e9-4f5f-4c11-b78e-30e523c9773c_M_1
16a6c03a-f378-4604-a31f-0fdebb5db95b_M_0-->16a6c03a-f378-4604-a31f-0fdebb5db95b_MG_84
1bbb6689-854e-4d09-a4bf-6bfcac579d9f_MG_155-->1bbb6689-854e-4d09-a4bf-6bfcac579d9f_M_4;1bbb6689-854e-4d09-a4bf-6bfcac579d9f_M_2;1bbb6689-854e-4d09-a4bf-6bfcac579d9f_M_3;1bbb6689-854e-4d09-a4bf-6bfcac579d9f_M_0;1bbb6689-854e-4d09-a4bf-6bfcac579d9f_M_1
fadc4f90-da5d-46a6-909f-9abf7d94c47e_MG_96-->fadc4f90-da5d-46a6-909f-9abf7d94c47e_M_1;fadc4f90-da5d-46a6-909f-9abf7d94c47e_M_0;fadc4f90-da5d-46a6-909f-9abf7d94c47e_M_3;fadc4f90-da5d-46a6-909f-9abf7d94c47e_M_2;fadc4f90-da5d-46a6-909f-9abf7d94c47e_M_5;fadc4f90-da5d-46a6-909f-9abf7d94c47e_M_4;fadc4f90-da5d-46a6-909f-9abf7d94c47e_M_7;fadc4f90-da5d-46a6-909f-9abf7d94c47e_M_6
16a6c03a-f378-4604-a31f-0fdebb5db95b_M_2-->16a6c03a-f378-4604-a31f-0fdebb5db95b_MG_84
16a6c03a-f378-4604-a31f-0fdebb5db95b_M_1-->16a6c03a-f378-4604-a31f-0fdebb5db95b_MG_84
b55672b4-5086-4bc4-9d8e-731cd4ce33ea_M_0-->b55672b4-5086-4bc4-9d8e-731cd4ce33ea_MG_59
b55672b4-5086-4bc4-9d8e-731cd4ce33ea_M_1-->b55672b4-5086-4bc4-9d8e-731cd4ce33ea_MG_59
b55672b4-5086-4bc4-9d8e-731cd4ce33ea_M_2-->b55672b4-5086-4bc4-9d8e-731cd4ce33ea_MG_59
b55672b4-5086-4bc4-9d8e-731cd4ce33ea_M_3-->b55672b4-5086-4bc4-9d8e-731cd4ce33ea_MG_59
fadc4f90-da5d-46a6-909f-9abf7d94c47e_M_5-->fadc4f90-da5d-46a6-909f-9abf7d94c47e_MG_96
fadc4f90-da5d-46a6-909f-9abf7d94c47e_M_4-->fadc4f90-da5d-46a6-909f-9abf7d94c47e_MG_96
fadc4f90-da5d-46a6-909f-9abf7d94c47e_M_7-->fadc4f90-da5d-46a6-909f-9abf7d94c47e_MG_96
fadc4f90-da5d-46a6-909f-9abf7d94c47e_M_6-->fadc4f90-da5d-46a6-909f-9abf7d94c47e_MG_96
e57f557e-9b0f-4475-938c-1ef9e4a0019b_M_2-->e57f557e-9b0f-4475-938c-1ef9e4a0019b_MG_45
e57f557e-9b0f-4475-938c-1ef9e4a0019b_M_1-->e57f557e-9b0f-4475-938c-1ef9e4a0019b_MG_45
e57f557e-9b0f-4475-938c-1ef9e4a0019b_M_0-->e57f557e-9b0f-4475-938c-1ef9e4a0019b_MG_45
6f88f549-8502-40a4-a8f2-d9f2fa6e5e69_MG_44-->6f88f549-8502-40a4-a8f2-d9f2fa6e5e69_M_2;6f88f549-8502-40a4-a8f2-d9f2fa6e5e69_M_1;6f88f549-8502-40a4-a8f2-d9f2fa6e5e69_M_0
5baa0e7f-63ae-47fe-b666-9236dfdd86ab_M_1-->5baa0e7f-63ae-47fe-b666-9236dfdd86ab_MG_101
5baa0e7f-63ae-47fe-b666-9236dfdd86ab_M_0-->5baa0e7f-63ae-47fe-b666-9236dfdd86ab_MG_101
5baa0e7f-63ae-47fe-b666-9236dfdd86ab_M_3-->5baa0e7f-63ae-47fe-b666-9236dfdd86ab_MG_101
5baa0e7f-63ae-47fe-b666-9236dfdd86ab_M_2-->5baa0e7f-63ae-47fe-b666-9236dfdd86ab_MG_101
5baa0e7f-63ae-47fe-b666-9236dfdd86ab_M_5-->5baa0e7f-63ae-47fe-b666-9236dfdd86ab_MG_101
5baa0e7f-63ae-47fe-b666-9236dfdd86ab_M_4-->5baa0e7f-63ae-47fe-b666-9236dfdd86ab_MG_101
df32abaf-6d1f-477e-99d3-5c4021f3656b_M_0-->df32abaf-6d1f-477e-99d3-5c4021f3656b_MG_54
b1819318-14b7-4452-9942-91566b54dc00_M_8-->b1819318-14b7-4452-9942-91566b54dc00_MG_32
df32abaf-6d1f-477e-99d3-5c4021f3656b_M_1-->df32abaf-6d1f-477e-99d3-5c4021f3656b_MG_54
b1819318-14b7-4452-9942-91566b54dc00_M_7-->b1819318-14b7-4452-9942-91566b54dc00_MG_32
b1819318-14b7-4452-9942-91566b54dc00_M_6-->b1819318-14b7-4452-9942-91566b54dc00_MG_32
b1819318-14b7-4452-9942-91566b54dc00_M_5-->b1819318-14b7-4452-9942-91566b54dc00_MG_32
b1819318-14b7-4452-9942-91566b54dc00_M_4-->b1819318-14b7-4452-9942-91566b54dc00_MG_32
f843113e-a89c-4888-9ad3-1b204628b996_MG_65-->f843113e-a89c-4888-9ad3-1b204628b996_M_1;f843113e-a89c-4888-9ad3-1b204628b996_M_2;f843113e-a89c-4888-9ad3-1b204628b996_M_0;f843113e-a89c-4888-9ad3-1b204628b996_M_5;f843113e-a89c-4888-9ad3-1b204628b996_M_6;f843113e-a89c-4888-9ad3-1b204628b996_M_3;f843113e-a89c-4888-9ad3-1b204628b996_M_4
b1819318-14b7-4452-9942-91566b54dc00_M_3-->b1819318-14b7-4452-9942-91566b54dc00_MG_32
df32abaf-6d1f-477e-99d3-5c4021f3656b_M_2-->df32abaf-6d1f-477e-99d3-5c4021f3656b_MG_54
b1819318-14b7-4452-9942-91566b54dc00_M_2-->b1819318-14b7-4452-9942-91566b54dc00_MG_32
df32abaf-6d1f-477e-99d3-5c4021f3656b_M_3-->df32abaf-6d1f-477e-99d3-5c4021f3656b_MG_54
b1819318-14b7-4452-9942-91566b54dc00_M_1-->b1819318-14b7-4452-9942-91566b54dc00_MG_32
4ae51016-649f-4ad2-83e3-e9a7a5500c45_MG_53-->4ae51016-649f-4ad2-83e3-e9a7a5500c45_M_1;4ae51016-649f-4ad2-83e3-e9a7a5500c45_M_0;4ae51016-649f-4ad2-83e3-e9a7a5500c45_M_2
b1819318-14b7-4452-9942-91566b54dc00_M_0-->b1819318-14b7-4452-9942-91566b54dc00_MG_32
3cb20cea-edba-45e4-8ae0-816ea2748eb4_M_2-->3cb20cea-edba-45e4-8ae0-816ea2748eb4_MG_165
5baa0e7f-63ae-47fe-b666-9236dfdd86ab_M_6-->5baa0e7f-63ae-47fe-b666-9236dfdd86ab_MG_101
3cb20cea-edba-45e4-8ae0-816ea2748eb4_M_1-->3cb20cea-edba-45e4-8ae0-816ea2748eb4_MG_165
3cb20cea-edba-45e4-8ae0-816ea2748eb4_M_0-->3cb20cea-edba-45e4-8ae0-816ea2748eb4_MG_165
3cb20cea-edba-45e4-8ae0-816ea2748eb4_M_6-->3cb20cea-edba-45e4-8ae0-816ea2748eb4_MG_165
3cb20cea-edba-45e4-8ae0-816ea2748eb4_M_5-->3cb20cea-edba-45e4-8ae0-816ea2748eb4_MG_165
3cb20cea-edba-45e4-8ae0-816ea2748eb4_M_4-->3cb20cea-edba-45e4-8ae0-816ea2748eb4_MG_165
3cb20cea-edba-45e4-8ae0-816ea2748eb4_M_3-->3cb20cea-edba-45e4-8ae0-816ea2748eb4_MG_165
cccbfdf6-ba7e-4264-8589-c1eee3874327_M_3-->cccbfdf6-ba7e-4264-8589-c1eee3874327_MG_150
1bbb6689-854e-4d09-a4bf-6bfcac579d9f_M_4-->1bbb6689-854e-4d09-a4bf-6bfcac579d9f_MG_155
cccbfdf6-ba7e-4264-8589-c1eee3874327_M_2-->cccbfdf6-ba7e-4264-8589-c1eee3874327_MG_150
cccbfdf6-ba7e-4264-8589-c1eee3874327_M_1-->cccbfdf6-ba7e-4264-8589-c1eee3874327_MG_150
1bbb6689-854e-4d09-a4bf-6bfcac579d9f_M_2-->1bbb6689-854e-4d09-a4bf-6bfcac579d9f_MG_155
3cb20cea-edba-45e4-8ae0-816ea2748eb4_M_8-->3cb20cea-edba-45e4-8ae0-816ea2748eb4_MG_165
cccbfdf6-ba7e-4264-8589-c1eee3874327_M_0-->cccbfdf6-ba7e-4264-8589-c1eee3874327_MG_150
1bbb6689-854e-4d09-a4bf-6bfcac579d9f_M_3-->1bbb6689-854e-4d09-a4bf-6bfcac579d9f_MG_155
3cb20cea-edba-45e4-8ae0-816ea2748eb4_M_7-->3cb20cea-edba-45e4-8ae0-816ea2748eb4_MG_165
1bbb6689-854e-4d09-a4bf-6bfcac579d9f_M_0-->1bbb6689-854e-4d09-a4bf-6bfcac579d9f_MG_155
734e17d2-fea7-46b1-afba-fd19442ae32d_M_0-->734e17d2-fea7-46b1-afba-fd19442ae32d_MG_152
1bbb6689-854e-4d09-a4bf-6bfcac579d9f_M_1-->1bbb6689-854e-4d09-a4bf-6bfcac579d9f_MG_155
734e17d2-fea7-46b1-afba-fd19442ae32d_M_1-->734e17d2-fea7-46b1-afba-fd19442ae32d_MG_152
5a029b11-2c45-413b-87b4-fff71fec165c_MG_124-->5a029b11-2c45-413b-87b4-fff71fec165c_M_2;5a029b11-2c45-413b-87b4-fff71fec165c_M_1;5a029b11-2c45-413b-87b4-fff71fec165c_M_0
0d92cc5a-87d2-48cc-847d-853b7fae6a7d_M_3-->0d92cc5a-87d2-48cc-847d-853b7fae6a7d_MG_82
5740d0e5-6a20-4e11-b3c2-ed3ec39cb28e_MG_123-->5740d0e5-6a20-4e11-b3c2-ed3ec39cb28e_M_2;5740d0e5-6a20-4e11-b3c2-ed3ec39cb28e_M_1;5740d0e5-6a20-4e11-b3c2-ed3ec39cb28e_M_0;5740d0e5-6a20-4e11-b3c2-ed3ec39cb28e_M_4;5740d0e5-6a20-4e11-b3c2-ed3ec39cb28e_M_3
0d92cc5a-87d2-48cc-847d-853b7fae6a7d_M_4-->0d92cc5a-87d2-48cc-847d-853b7fae6a7d_MG_82
93e4b62d-7b2b-4513-a1cd-2323143e4299_M_7-->93e4b62d-7b2b-4513-a1cd-2323143e4299_MG_89
cccbfdf6-ba7e-4264-8589-c1eee3874327_M_7-->cccbfdf6-ba7e-4264-8589-c1eee3874327_MG_150
93e4b62d-7b2b-4513-a1cd-2323143e4299_M_6-->93e4b62d-7b2b-4513-a1cd-2323143e4299_MG_89
cccbfdf6-ba7e-4264-8589-c1eee3874327_M_6-->cccbfdf6-ba7e-4264-8589-c1eee3874327_MG_150
cccbfdf6-ba7e-4264-8589-c1eee3874327_M_5-->cccbfdf6-ba7e-4264-8589-c1eee3874327_MG_150
93e4b62d-7b2b-4513-a1cd-2323143e4299_M_8-->93e4b62d-7b2b-4513-a1cd-2323143e4299_MG_89
cccbfdf6-ba7e-4264-8589-c1eee3874327_M_4-->cccbfdf6-ba7e-4264-8589-c1eee3874327_MG_150
24833ce3-4c1c-46c5-8b62-64bd4ac9e489_M_3-->24833ce3-4c1c-46c5-8b62-64bd4ac9e489_MG_25
d3ae7e42-f289-4c0c-8698-1a761d557b88_M_2-->d3ae7e42-f289-4c0c-8698-1a761d557b88_MG_91
24833ce3-4c1c-46c5-8b62-64bd4ac9e489_M_2-->24833ce3-4c1c-46c5-8b62-64bd4ac9e489_MG_25
d3ae7e42-f289-4c0c-8698-1a761d557b88_M_1-->d3ae7e42-f289-4c0c-8698-1a761d557b88_MG_91
24833ce3-4c1c-46c5-8b62-64bd4ac9e489_M_5-->24833ce3-4c1c-46c5-8b62-64bd4ac9e489_MG_25
60f86f36-6247-4ded-9ebe-9b8b10d3c416_MG_31-->60f86f36-6247-4ded-9ebe-9b8b10d3c416_M_6;60f86f36-6247-4ded-9ebe-9b8b10d3c416_M_7;60f86f36-6247-4ded-9ebe-9b8b10d3c416_M_2;60f86f36-6247-4ded-9ebe-9b8b10d3c416_M_3;60f86f36-6247-4ded-9ebe-9b8b10d3c416_M_4;60f86f36-6247-4ded-9ebe-9b8b10d3c416_M_5;60f86f36-6247-4ded-9ebe-9b8b10d3c416_M_0;60f86f36-6247-4ded-9ebe-9b8b10d3c416_M_1
24833ce3-4c1c-46c5-8b62-64bd4ac9e489_M_4-->24833ce3-4c1c-46c5-8b62-64bd4ac9e489_MG_25
24833ce3-4c1c-46c5-8b62-64bd4ac9e489_M_1-->24833ce3-4c1c-46c5-8b62-64bd4ac9e489_MG_25
d3ae7e42-f289-4c0c-8698-1a761d557b88_M_0-->d3ae7e42-f289-4c0c-8698-1a761d557b88_MG_91
24833ce3-4c1c-46c5-8b62-64bd4ac9e489_M_0-->24833ce3-4c1c-46c5-8b62-64bd4ac9e489_MG_25
75b9a1c1-fdb2-4ac7-8188-2c7f7e2ae2da_M_0-->75b9a1c1-fdb2-4ac7-8188-2c7f7e2ae2da_MG_13
75b9a1c1-fdb2-4ac7-8188-2c7f7e2ae2da_M_1-->75b9a1c1-fdb2-4ac7-8188-2c7f7e2ae2da_MG_13
af9b30e9-4f5f-4c11-b78e-30e523c9773c_M_0-->af9b30e9-4f5f-4c11-b78e-30e523c9773c_MG_66
75b9a1c1-fdb2-4ac7-8188-2c7f7e2ae2da_M_2-->75b9a1c1-fdb2-4ac7-8188-2c7f7e2ae2da_MG_13
af9b30e9-4f5f-4c11-b78e-30e523c9773c_M_1-->af9b30e9-4f5f-4c11-b78e-30e523c9773c_MG_66
75b9a1c1-fdb2-4ac7-8188-2c7f7e2ae2da_M_3-->75b9a1c1-fdb2-4ac7-8188-2c7f7e2ae2da_MG_13
75b9a1c1-fdb2-4ac7-8188-2c7f7e2ae2da_M_4-->75b9a1c1-fdb2-4ac7-8188-2c7f7e2ae2da_MG_13
75b9a1c1-fdb2-4ac7-8188-2c7f7e2ae2da_M_5-->75b9a1c1-fdb2-4ac7-8188-2c7f7e2ae2da_MG_13
5740d0e5-6a20-4e11-b3c2-ed3ec39cb28e_M_2-->5740d0e5-6a20-4e11-b3c2-ed3ec39cb28e_MG_123
75b9a1c1-fdb2-4ac7-8188-2c7f7e2ae2da_M_6-->75b9a1c1-fdb2-4ac7-8188-2c7f7e2ae2da_MG_13
5740d0e5-6a20-4e11-b3c2-ed3ec39cb28e_M_1-->5740d0e5-6a20-4e11-b3c2-ed3ec39cb28e_MG_123
75b9a1c1-fdb2-4ac7-8188-2c7f7e2ae2da_M_7-->75b9a1c1-fdb2-4ac7-8188-2c7f7e2ae2da_MG_13
f12a08d7-8aff-49ab-b22d-349031a1872a_MG_114-->f12a08d7-8aff-49ab-b22d-349031a1872a_M_2;f12a08d7-8aff-49ab-b22d-349031a1872a_M_1;f12a08d7-8aff-49ab-b22d-349031a1872a_M_0
5740d0e5-6a20-4e11-b3c2-ed3ec39cb28e_M_0-->5740d0e5-6a20-4e11-b3c2-ed3ec39cb28e_MG_123
5740d0e5-6a20-4e11-b3c2-ed3ec39cb28e_M_4-->5740d0e5-6a20-4e11-b3c2-ed3ec39cb28e_MG_123
5740d0e5-6a20-4e11-b3c2-ed3ec39cb28e_M_3-->5740d0e5-6a20-4e11-b3c2-ed3ec39cb28e_MG_123
f4faf112-aa44-4188-9aa5-319f8423dae4_M_3-->f4faf112-aa44-4188-9aa5-319f8423dae4_MG_23
f4faf112-aa44-4188-9aa5-319f8423dae4_M_4-->f4faf112-aa44-4188-9aa5-319f8423dae4_MG_23
f4faf112-aa44-4188-9aa5-319f8423dae4_M_5-->f4faf112-aa44-4188-9aa5-319f8423dae4_MG_23
f4faf112-aa44-4188-9aa5-319f8423dae4_M_6-->f4faf112-aa44-4188-9aa5-319f8423dae4_MG_23
f4faf112-aa44-4188-9aa5-319f8423dae4_M_0-->f4faf112-aa44-4188-9aa5-319f8423dae4_MG_23
1b2d1403-4d52-4ce3-beed-47ebb712f9c8_MG_167-->1b2d1403-4d52-4ce3-beed-47ebb712f9c8_M_1;1b2d1403-4d52-4ce3-beed-47ebb712f9c8_M_0;1b2d1403-4d52-4ce3-beed-47ebb712f9c8_M_3;1b2d1403-4d52-4ce3-beed-47ebb712f9c8_M_2;1b2d1403-4d52-4ce3-beed-47ebb712f9c8_M_4
f4faf112-aa44-4188-9aa5-319f8423dae4_M_1-->f4faf112-aa44-4188-9aa5-319f8423dae4_MG_23
f4faf112-aa44-4188-9aa5-319f8423dae4_M_2-->f4faf112-aa44-4188-9aa5-319f8423dae4_MG_23
50119c65-9f17-40d8-9647-c6c2bfbd12c3_M_0-->50119c65-9f17-40d8-9647-c6c2bfbd12c3_MG_39
50119c65-9f17-40d8-9647-c6c2bfbd12c3_M_2-->50119c65-9f17-40d8-9647-c6c2bfbd12c3_MG_39
50119c65-9f17-40d8-9647-c6c2bfbd12c3_M_1-->50119c65-9f17-40d8-9647-c6c2bfbd12c3_MG_39
50119c65-9f17-40d8-9647-c6c2bfbd12c3_M_3-->50119c65-9f17-40d8-9647-c6c2bfbd12c3_MG_39
b55672b4-5086-4bc4-9d8e-731cd4ce33ea_MG_59-->b55672b4-5086-4bc4-9d8e-731cd4ce33ea_M_0;b55672b4-5086-4bc4-9d8e-731cd4ce33ea_M_1;b55672b4-5086-4bc4-9d8e-731cd4ce33ea_M_2;b55672b4-5086-4bc4-9d8e-731cd4ce33ea_M_3
66353ee7-a180-4c80-a0bc-1291b660112c_MG_105-->66353ee7-a180-4c80-a0bc-1291b660112c_M_2;66353ee7-a180-4c80-a0bc-1291b660112c_M_0;66353ee7-a180-4c80-a0bc-1291b660112c_M_1
b2c9be8f-fd8f-49eb-9d7c-e8ea79d4dfcf_MG_120-->b2c9be8f-fd8f-49eb-9d7c-e8ea79d4dfcf_M_0;b2c9be8f-fd8f-49eb-9d7c-e8ea79d4dfcf_M_3;b2c9be8f-fd8f-49eb-9d7c-e8ea79d4dfcf_M_4;b2c9be8f-fd8f-49eb-9d7c-e8ea79d4dfcf_M_1;b2c9be8f-fd8f-49eb-9d7c-e8ea79d4dfcf_M_2
af1caab0-8429-4681-9d83-e27f50d22a1a_MG_22-->af1caab0-8429-4681-9d83-e27f50d22a1a_M_8;af1caab0-8429-4681-9d83-e27f50d22a1a_M_7;af1caab0-8429-4681-9d83-e27f50d22a1a_M_6;af1caab0-8429-4681-9d83-e27f50d22a1a_M_5;af1caab0-8429-4681-9d83-e27f50d22a1a_M_4;af1caab0-8429-4681-9d83-e27f50d22a1a_M_3;af1caab0-8429-4681-9d83-e27f50d22a1a_M_2;af1caab0-8429-4681-9d83-e27f50d22a1a_M_1;af1caab0-8429-4681-9d83-e27f50d22a1a_M_0
dbdf4bd4-32a5-455c-be31-19a5191ec3d4_MG_93-->dbdf4bd4-32a5-455c-be31-19a5191ec3d4_M_4;dbdf4bd4-32a5-455c-be31-19a5191ec3d4_M_0;dbdf4bd4-32a5-455c-be31-19a5191ec3d4_M_1;dbdf4bd4-32a5-455c-be31-19a5191ec3d4_M_2;dbdf4bd4-32a5-455c-be31-19a5191ec3d4_M_3
b754394a-8daa-4c01-b19f-785afb86f161_M_5-->b754394a-8daa-4c01-b19f-785afb86f161_MG_135
4ae51016-649f-4ad2-83e3-e9a7a5500c45_M_1-->4ae51016-649f-4ad2-83e3-e9a7a5500c45_MG_53
4ae51016-649f-4ad2-83e3-e9a7a5500c45_M_0-->4ae51016-649f-4ad2-83e3-e9a7a5500c45_MG_53
4ae51016-649f-4ad2-83e3-e9a7a5500c45_M_2-->4ae51016-649f-4ad2-83e3-e9a7a5500c45_MG_53
8f42717b-6a04-4637-a102-3e71203b85de_M_0-->8f42717b-6a04-4637-a102-3e71203b85de_MG_17
8f42717b-6a04-4637-a102-3e71203b85de_M_1-->8f42717b-6a04-4637-a102-3e71203b85de_MG_17
8f42717b-6a04-4637-a102-3e71203b85de_M_2-->8f42717b-6a04-4637-a102-3e71203b85de_MG_17
8f42717b-6a04-4637-a102-3e71203b85de_M_3-->8f42717b-6a04-4637-a102-3e71203b85de_MG_17
dbf80a94-0807-48d1-a9a5-f4e012057713_MG_28-->dbf80a94-0807-48d1-a9a5-f4e012057713_M_4;dbf80a94-0807-48d1-a9a5-f4e012057713_M_5;dbf80a94-0807-48d1-a9a5-f4e012057713_M_2;dbf80a94-0807-48d1-a9a5-f4e012057713_M_3;dbf80a94-0807-48d1-a9a5-f4e012057713_M_0;dbf80a94-0807-48d1-a9a5-f4e012057713_M_1;dbf80a94-0807-48d1-a9a5-f4e012057713_M_8;dbf80a94-0807-48d1-a9a5-f4e012057713_M_6;dbf80a94-0807-48d1-a9a5-f4e012057713_M_7
3172cc81-5909-450d-bbd4-b6207b4f7e12_M_5-->3172cc81-5909-450d-bbd4-b6207b4f7e12_MG_35
3172cc81-5909-450d-bbd4-b6207b4f7e12_M_6-->3172cc81-5909-450d-bbd4-b6207b4f7e12_MG_35
8f42717b-6a04-4637-a102-3e71203b85de_M_4-->8f42717b-6a04-4637-a102-3e71203b85de_MG_17
3172cc81-5909-450d-bbd4-b6207b4f7e12_M_1-->3172cc81-5909-450d-bbd4-b6207b4f7e12_MG_35
8f42717b-6a04-4637-a102-3e71203b85de_M_5-->8f42717b-6a04-4637-a102-3e71203b85de_MG_17
f55d189c-e0b7-4ae7-a887-4a63bd00a387_MG_21-->f55d189c-e0b7-4ae7-a887-4a63bd00a387_M_3;f55d189c-e0b7-4ae7-a887-4a63bd00a387_M_2;f55d189c-e0b7-4ae7-a887-4a63bd00a387_M_1;f55d189c-e0b7-4ae7-a887-4a63bd00a387_M_0;f55d189c-e0b7-4ae7-a887-4a63bd00a387_M_8;f55d189c-e0b7-4ae7-a887-4a63bd00a387_M_7;f55d189c-e0b7-4ae7-a887-4a63bd00a387_M_6;f55d189c-e0b7-4ae7-a887-4a63bd00a387_M_5;f55d189c-e0b7-4ae7-a887-4a63bd00a387_M_4
3172cc81-5909-450d-bbd4-b6207b4f7e12_M_2-->3172cc81-5909-450d-bbd4-b6207b4f7e12_MG_35
3172cc81-5909-450d-bbd4-b6207b4f7e12_M_3-->3172cc81-5909-450d-bbd4-b6207b4f7e12_MG_35
3172cc81-5909-450d-bbd4-b6207b4f7e12_M_4-->3172cc81-5909-450d-bbd4-b6207b4f7e12_MG_35
e5f87d85-1cf1-49b6-bb43-9e735e416fe3_MG_18-->e5f87d85-1cf1-49b6-bb43-9e735e416fe3_M_0;e5f87d85-1cf1-49b6-bb43-9e735e416fe3_M_3;e5f87d85-1cf1-49b6-bb43-9e735e416fe3_M_4;e5f87d85-1cf1-49b6-bb43-9e735e416fe3_M_1;e5f87d85-1cf1-49b6-bb43-9e735e416fe3_M_2;e5f87d85-1cf1-49b6-bb43-9e735e416fe3_M_7;e5f87d85-1cf1-49b6-bb43-9e735e416fe3_M_8;e5f87d85-1cf1-49b6-bb43-9e735e416fe3_M_5;e5f87d85-1cf1-49b6-bb43-9e735e416fe3_M_6
3172cc81-5909-450d-bbd4-b6207b4f7e12_M_0-->3172cc81-5909-450d-bbd4-b6207b4f7e12_MG_35
1fb1819c-30b6-49f6-9be5-f9f5ab14c927_MG_7-->1fb1819c-30b6-49f6-9be5-f9f5ab14c927_M_1;1fb1819c-30b6-49f6-9be5-f9f5ab14c927_M_0
28ea9d3e-eba9-41af-aec0-2d37a06d591c_M_0-->28ea9d3e-eba9-41af-aec0-2d37a06d591c_MG_106
7dff8d01-f150-4281-932a-6f20bc205c96_MG_169-->7dff8d01-f150-4281-932a-6f20bc205c96_M_6;7dff8d01-f150-4281-932a-6f20bc205c96_M_5;7dff8d01-f150-4281-932a-6f20bc205c96_M_4;7dff8d01-f150-4281-932a-6f20bc205c96_M_3;7dff8d01-f150-4281-932a-6f20bc205c96_M_2;7dff8d01-f150-4281-932a-6f20bc205c96_M_1;7dff8d01-f150-4281-932a-6f20bc205c96_M_0;7dff8d01-f150-4281-932a-6f20bc205c96_M_8;7dff8d01-f150-4281-932a-6f20bc205c96_M_7
2eacba4f-d060-45dc-85db-078929004bf2_M_0-->2eacba4f-d060-45dc-85db-078929004bf2_MG_157
3066e707-1d2d-4d12-9244-6e0173c4329a_M_1-->3066e707-1d2d-4d12-9244-6e0173c4329a_MG_151
2eacba4f-d060-45dc-85db-078929004bf2_M_1-->2eacba4f-d060-45dc-85db-078929004bf2_MG_157
3066e707-1d2d-4d12-9244-6e0173c4329a_M_0-->3066e707-1d2d-4d12-9244-6e0173c4329a_MG_151
2eacba4f-d060-45dc-85db-078929004bf2_M_2-->2eacba4f-d060-45dc-85db-078929004bf2_MG_157
28ea9d3e-eba9-41af-aec0-2d37a06d591c_M_1-->28ea9d3e-eba9-41af-aec0-2d37a06d591c_MG_106
93e4b62d-7b2b-4513-a1cd-2323143e4299_MG_89-->93e4b62d-7b2b-4513-a1cd-2323143e4299_M_7;93e4b62d-7b2b-4513-a1cd-2323143e4299_M_6;93e4b62d-7b2b-4513-a1cd-2323143e4299_M_8;93e4b62d-7b2b-4513-a1cd-2323143e4299_M_3;93e4b62d-7b2b-4513-a1cd-2323143e4299_M_2;93e4b62d-7b2b-4513-a1cd-2323143e4299_M_5;93e4b62d-7b2b-4513-a1cd-2323143e4299_M_4;93e4b62d-7b2b-4513-a1cd-2323143e4299_M_1;93e4b62d-7b2b-4513-a1cd-2323143e4299_M_0
2eacba4f-d060-45dc-85db-078929004bf2_M_3-->2eacba4f-d060-45dc-85db-078929004bf2_MG_157
2eacba4f-d060-45dc-85db-078929004bf2_M_4-->2eacba4f-d060-45dc-85db-078929004bf2_MG_157
2eacba4f-d060-45dc-85db-078929004bf2_M_5-->2eacba4f-d060-45dc-85db-078929004bf2_MG_157
b2c9be8f-fd8f-49eb-9d7c-e8ea79d4dfcf_M_0-->b2c9be8f-fd8f-49eb-9d7c-e8ea79d4dfcf_MG_120
193b3388-4c57-404a-81a0-42badec784ae_M_2-->193b3388-4c57-404a-81a0-42badec784ae_MG_118
b2c9be8f-fd8f-49eb-9d7c-e8ea79d4dfcf_M_3-->b2c9be8f-fd8f-49eb-9d7c-e8ea79d4dfcf_MG_120
df32abaf-6d1f-477e-99d3-5c4021f3656b_MG_54-->df32abaf-6d1f-477e-99d3-5c4021f3656b_M_0;df32abaf-6d1f-477e-99d3-5c4021f3656b_M_1;df32abaf-6d1f-477e-99d3-5c4021f3656b_M_2;df32abaf-6d1f-477e-99d3-5c4021f3656b_M_3
193b3388-4c57-404a-81a0-42badec784ae_M_3-->193b3388-4c57-404a-81a0-42badec784ae_MG_118
b2c9be8f-fd8f-49eb-9d7c-e8ea79d4dfcf_M_4-->b2c9be8f-fd8f-49eb-9d7c-e8ea79d4dfcf_MG_120
193b3388-4c57-404a-81a0-42badec784ae_M_0-->193b3388-4c57-404a-81a0-42badec784ae_MG_118
b2c9be8f-fd8f-49eb-9d7c-e8ea79d4dfcf_M_1-->b2c9be8f-fd8f-49eb-9d7c-e8ea79d4dfcf_MG_120
78283441-9bc0-4b6d-983b-5bedb48b09b4_MG_76-->78283441-9bc0-4b6d-983b-5bedb48b09b4_M_0;78283441-9bc0-4b6d-983b-5bedb48b09b4_M_1;78283441-9bc0-4b6d-983b-5bedb48b09b4_M_2;78283441-9bc0-4b6d-983b-5bedb48b09b4_M_3;78283441-9bc0-4b6d-983b-5bedb48b09b4_M_4;78283441-9bc0-4b6d-983b-5bedb48b09b4_M_5;78283441-9bc0-4b6d-983b-5bedb48b09b4_M_6;78283441-9bc0-4b6d-983b-5bedb48b09b4_M_7
193b3388-4c57-404a-81a0-42badec784ae_M_1-->193b3388-4c57-404a-81a0-42badec784ae_MG_118
b2c9be8f-fd8f-49eb-9d7c-e8ea79d4dfcf_M_2-->b2c9be8f-fd8f-49eb-9d7c-e8ea79d4dfcf_MG_120
f12a08d7-8aff-49ab-b22d-349031a1872a_M_2-->f12a08d7-8aff-49ab-b22d-349031a1872a_MG_114
f12a08d7-8aff-49ab-b22d-349031a1872a_M_1-->f12a08d7-8aff-49ab-b22d-349031a1872a_MG_114
f12a08d7-8aff-49ab-b22d-349031a1872a_M_0-->f12a08d7-8aff-49ab-b22d-349031a1872a_MG_114
474aae98-33d6-4c91-ba03-c4b148d82ec2_MG_47-->474aae98-33d6-4c91-ba03-c4b148d82ec2_M_5;474aae98-33d6-4c91-ba03-c4b148d82ec2_M_1;474aae98-33d6-4c91-ba03-c4b148d82ec2_M_2;474aae98-33d6-4c91-ba03-c4b148d82ec2_M_3;474aae98-33d6-4c91-ba03-c4b148d82ec2_M_4;474aae98-33d6-4c91-ba03-c4b148d82ec2_M_0
9f09e9a2-67fb-41e7-b7d7-aa9f3eaaaca7_MG_1-->9f09e9a2-67fb-41e7-b7d7-aa9f3eaaaca7_M_0;9f09e9a2-67fb-41e7-b7d7-aa9f3eaaaca7_M_2;9f09e9a2-67fb-41e7-b7d7-aa9f3eaaaca7_M_1
66353ee7-a180-4c80-a0bc-1291b660112c_M_2-->66353ee7-a180-4c80-a0bc-1291b660112c_MG_105
15855c2e-e165-44f8-9954-92b767bc8764_M_6-->15855c2e-e165-44f8-9954-92b767bc8764_MG_122
66353ee7-a180-4c80-a0bc-1291b660112c_M_0-->66353ee7-a180-4c80-a0bc-1291b660112c_MG_105
66353ee7-a180-4c80-a0bc-1291b660112c_M_1-->66353ee7-a180-4c80-a0bc-1291b660112c_MG_105
15855c2e-e165-44f8-9954-92b767bc8764_M_3-->15855c2e-e165-44f8-9954-92b767bc8764_MG_122
15855c2e-e165-44f8-9954-92b767bc8764_M_2-->15855c2e-e165-44f8-9954-92b767bc8764_MG_122
15855c2e-e165-44f8-9954-92b767bc8764_M_5-->15855c2e-e165-44f8-9954-92b767bc8764_MG_122
6f88f549-8502-40a4-a8f2-d9f2fa6e5e69_M_2-->6f88f549-8502-40a4-a8f2-d9f2fa6e5e69_MG_44
15855c2e-e165-44f8-9954-92b767bc8764_M_4-->15855c2e-e165-44f8-9954-92b767bc8764_MG_122
7c4e29b4-10e7-4111-87d9-308890f571f4_M_2-->7c4e29b4-10e7-4111-87d9-308890f571f4_MG_16
7c4e29b4-10e7-4111-87d9-308890f571f4_M_3-->7c4e29b4-10e7-4111-87d9-308890f571f4_MG_16
a8d3cafc-ce2b-49ba-8564-e1578ca430a8_MG_160-->a8d3cafc-ce2b-49ba-8564-e1578ca430a8_M_0;a8d3cafc-ce2b-49ba-8564-e1578ca430a8_M_1;a8d3cafc-ce2b-49ba-8564-e1578ca430a8_M_2;a8d3cafc-ce2b-49ba-8564-e1578ca430a8_M_3;a8d3cafc-ce2b-49ba-8564-e1578ca430a8_M_4;a8d3cafc-ce2b-49ba-8564-e1578ca430a8_M_5;a8d3cafc-ce2b-49ba-8564-e1578ca430a8_M_6;a8d3cafc-ce2b-49ba-8564-e1578ca430a8_M_7;a8d3cafc-ce2b-49ba-8564-e1578ca430a8_M_8
7c4e29b4-10e7-4111-87d9-308890f571f4_M_0-->7c4e29b4-10e7-4111-87d9-308890f571f4_MG_16
15855c2e-e165-44f8-9954-92b767bc8764_M_1-->15855c2e-e165-44f8-9954-92b767bc8764_MG_122
7c4e29b4-10e7-4111-87d9-308890f571f4_M_1-->7c4e29b4-10e7-4111-87d9-308890f571f4_MG_16
15855c2e-e165-44f8-9954-92b767bc8764_M_0-->15855c2e-e165-44f8-9954-92b767bc8764_MG_122
7c4e29b4-10e7-4111-87d9-308890f571f4_M_4-->7c4e29b4-10e7-4111-87d9-308890f571f4_MG_16
a1d17520-033f-44c1-bb5c-0951eb9a52e4_M_1-->a1d17520-033f-44c1-bb5c-0951eb9a52e4_MG_67
7c4e29b4-10e7-4111-87d9-308890f571f4_M_5-->7c4e29b4-10e7-4111-87d9-308890f571f4_MG_16
a1d17520-033f-44c1-bb5c-0951eb9a52e4_M_0-->a1d17520-033f-44c1-bb5c-0951eb9a52e4_MG_67
6f88f549-8502-40a4-a8f2-d9f2fa6e5e69_M_1-->6f88f549-8502-40a4-a8f2-d9f2fa6e5e69_MG_44
3ad7b5d7-d962-47d5-82be-e048b0124c38_MG_74-->3ad7b5d7-d962-47d5-82be-e048b0124c38_M_0;3ad7b5d7-d962-47d5-82be-e048b0124c38_M_1;3ad7b5d7-d962-47d5-82be-e048b0124c38_M_2;3ad7b5d7-d962-47d5-82be-e048b0124c38_M_3;3ad7b5d7-d962-47d5-82be-e048b0124c38_M_4;3ad7b5d7-d962-47d5-82be-e048b0124c38_M_5;3ad7b5d7-d962-47d5-82be-e048b0124c38_M_6;3ad7b5d7-d962-47d5-82be-e048b0124c38_M_7
6f88f549-8502-40a4-a8f2-d9f2fa6e5e69_M_0-->6f88f549-8502-40a4-a8f2-d9f2fa6e5e69_MG_44
0eb50cab-0ee3-4a8b-83a7-7311756c9519_MG_12-->0eb50cab-0ee3-4a8b-83a7-7311756c9519_M_0;0eb50cab-0ee3-4a8b-83a7-7311756c9519_M_1;0eb50cab-0ee3-4a8b-83a7-7311756c9519_M_2;0eb50cab-0ee3-4a8b-83a7-7311756c9519_M_3;0eb50cab-0ee3-4a8b-83a7-7311756c9519_M_4
dbf80a94-0807-48d1-a9a5-f4e012057713_M_4-->dbf80a94-0807-48d1-a9a5-f4e012057713_MG_28
701d6a8f-8c53-4039-85dd-ee317a8a4a7a_M_4-->701d6a8f-8c53-4039-85dd-ee317a8a4a7a_MG_136
dbf80a94-0807-48d1-a9a5-f4e012057713_M_5-->dbf80a94-0807-48d1-a9a5-f4e012057713_MG_28
5a029b11-2c45-413b-87b4-fff71fec165c_M_2-->5a029b11-2c45-413b-87b4-fff71fec165c_MG_124
701d6a8f-8c53-4039-85dd-ee317a8a4a7a_M_5-->701d6a8f-8c53-4039-85dd-ee317a8a4a7a_MG_136
75b9a1c1-fdb2-4ac7-8188-2c7f7e2ae2da_MG_13-->75b9a1c1-fdb2-4ac7-8188-2c7f7e2ae2da_M_0;75b9a1c1-fdb2-4ac7-8188-2c7f7e2ae2da_M_1;75b9a1c1-fdb2-4ac7-8188-2c7f7e2ae2da_M_2;75b9a1c1-fdb2-4ac7-8188-2c7f7e2ae2da_M_3;75b9a1c1-fdb2-4ac7-8188-2c7f7e2ae2da_M_4;75b9a1c1-fdb2-4ac7-8188-2c7f7e2ae2da_M_5;75b9a1c1-fdb2-4ac7-8188-2c7f7e2ae2da_M_6;75b9a1c1-fdb2-4ac7-8188-2c7f7e2ae2da_M_7
dbf80a94-0807-48d1-a9a5-f4e012057713_M_2-->dbf80a94-0807-48d1-a9a5-f4e012057713_MG_28
701d6a8f-8c53-4039-85dd-ee317a8a4a7a_M_6-->701d6a8f-8c53-4039-85dd-ee317a8a4a7a_MG_136
dbf80a94-0807-48d1-a9a5-f4e012057713_M_3-->dbf80a94-0807-48d1-a9a5-f4e012057713_MG_28
701d6a8f-8c53-4039-85dd-ee317a8a4a7a_M_7-->701d6a8f-8c53-4039-85dd-ee317a8a4a7a_MG_136
dbf80a94-0807-48d1-a9a5-f4e012057713_M_0-->dbf80a94-0807-48d1-a9a5-f4e012057713_MG_28
701d6a8f-8c53-4039-85dd-ee317a8a4a7a_M_0-->701d6a8f-8c53-4039-85dd-ee317a8a4a7a_MG_136
dbf80a94-0807-48d1-a9a5-f4e012057713_M_1-->dbf80a94-0807-48d1-a9a5-f4e012057713_MG_28
701d6a8f-8c53-4039-85dd-ee317a8a4a7a_M_1-->701d6a8f-8c53-4039-85dd-ee317a8a4a7a_MG_136
701d6a8f-8c53-4039-85dd-ee317a8a4a7a_M_2-->701d6a8f-8c53-4039-85dd-ee317a8a4a7a_MG_136
701d6a8f-8c53-4039-85dd-ee317a8a4a7a_M_3-->701d6a8f-8c53-4039-85dd-ee317a8a4a7a_MG_136
2489db16-3c76-4855-9642-ed88250d13ce_MG_137-->2489db16-3c76-4855-9642-ed88250d13ce_M_7;2489db16-3c76-4855-9642-ed88250d13ce_M_4;2489db16-3c76-4855-9642-ed88250d13ce_M_3;2489db16-3c76-4855-9642-ed88250d13ce_M_6;2489db16-3c76-4855-9642-ed88250d13ce_M_5;2489db16-3c76-4855-9642-ed88250d13ce_M_0;2489db16-3c76-4855-9642-ed88250d13ce_M_2;2489db16-3c76-4855-9642-ed88250d13ce_M_1
2b88bf26-2922-4d25-8cd7-d7dba9846b7b_M_0-->2b88bf26-2922-4d25-8cd7-d7dba9846b7b_MG_168
2b88bf26-2922-4d25-8cd7-d7dba9846b7b_M_1-->2b88bf26-2922-4d25-8cd7-d7dba9846b7b_MG_168
2b88bf26-2922-4d25-8cd7-d7dba9846b7b_M_2-->2b88bf26-2922-4d25-8cd7-d7dba9846b7b_MG_168
dbf80a94-0807-48d1-a9a5-f4e012057713_M_8-->dbf80a94-0807-48d1-a9a5-f4e012057713_MG_28
2b88bf26-2922-4d25-8cd7-d7dba9846b7b_M_3-->2b88bf26-2922-4d25-8cd7-d7dba9846b7b_MG_168
82224337-6c46-487f-a4ce-9eba8a1c73c7_MG_87-->82224337-6c46-487f-a4ce-9eba8a1c73c7_M_7;82224337-6c46-487f-a4ce-9eba8a1c73c7_M_4;82224337-6c46-487f-a4ce-9eba8a1c73c7_M_3;82224337-6c46-487f-a4ce-9eba8a1c73c7_M_6;82224337-6c46-487f-a4ce-9eba8a1c73c7_M_5;82224337-6c46-487f-a4ce-9eba8a1c73c7_M_0;82224337-6c46-487f-a4ce-9eba8a1c73c7_M_2;82224337-6c46-487f-a4ce-9eba8a1c73c7_M_1
2b88bf26-2922-4d25-8cd7-d7dba9846b7b_M_4-->2b88bf26-2922-4d25-8cd7-d7dba9846b7b_MG_168
dbf80a94-0807-48d1-a9a5-f4e012057713_M_6-->dbf80a94-0807-48d1-a9a5-f4e012057713_MG_28
5a029b11-2c45-413b-87b4-fff71fec165c_M_1-->5a029b11-2c45-413b-87b4-fff71fec165c_MG_124
2b88bf26-2922-4d25-8cd7-d7dba9846b7b_M_5-->2b88bf26-2922-4d25-8cd7-d7dba9846b7b_MG_168
dbf80a94-0807-48d1-a9a5-f4e012057713_M_7-->dbf80a94-0807-48d1-a9a5-f4e012057713_MG_28
5a029b11-2c45-413b-87b4-fff71fec165c_M_0-->5a029b11-2c45-413b-87b4-fff71fec165c_MG_124
2b88bf26-2922-4d25-8cd7-d7dba9846b7b_M_6-->2b88bf26-2922-4d25-8cd7-d7dba9846b7b_MG_168
0eb50cab-0ee3-4a8b-83a7-7311756c9519_M_0-->0eb50cab-0ee3-4a8b-83a7-7311756c9519_MG_12
0eb50cab-0ee3-4a8b-83a7-7311756c9519_M_1-->0eb50cab-0ee3-4a8b-83a7-7311756c9519_MG_12
0eb50cab-0ee3-4a8b-83a7-7311756c9519_M_2-->0eb50cab-0ee3-4a8b-83a7-7311756c9519_MG_12
0eb50cab-0ee3-4a8b-83a7-7311756c9519_M_3-->0eb50cab-0ee3-4a8b-83a7-7311756c9519_MG_12
0eb50cab-0ee3-4a8b-83a7-7311756c9519_M_4-->0eb50cab-0ee3-4a8b-83a7-7311756c9519_MG_12
474aae98-33d6-4c91-ba03-c4b148d82ec2_M_0-->474aae98-33d6-4c91-ba03-c4b148d82ec2_MG_47
3119feaa-5578-4881-9697-474cd2a9020e_MG_144-->3119feaa-5578-4881-9697-474cd2a9020e_M_2;3119feaa-5578-4881-9697-474cd2a9020e_M_1;3119feaa-5578-4881-9697-474cd2a9020e_M_0
60f86f36-6247-4ded-9ebe-9b8b10d3c416_M_6-->60f86f36-6247-4ded-9ebe-9b8b10d3c416_MG_31
474aae98-33d6-4c91-ba03-c4b148d82ec2_M_5-->474aae98-33d6-4c91-ba03-c4b148d82ec2_MG_47
da525d8e-ddb1-4d1d-ba9a-f2a5635d3e05_M_2-->da525d8e-ddb1-4d1d-ba9a-f2a5635d3e05_MG_58
9afcee54-cd7b-41c1-8ef6-76b8ed8ad893_M_5-->9afcee54-cd7b-41c1-8ef6-76b8ed8ad893_MG_131
60f86f36-6247-4ded-9ebe-9b8b10d3c416_M_7-->60f86f36-6247-4ded-9ebe-9b8b10d3c416_MG_31
da525d8e-ddb1-4d1d-ba9a-f2a5635d3e05_M_1-->da525d8e-ddb1-4d1d-ba9a-f2a5635d3e05_MG_58
9afcee54-cd7b-41c1-8ef6-76b8ed8ad893_M_4-->9afcee54-cd7b-41c1-8ef6-76b8ed8ad893_MG_131
da525d8e-ddb1-4d1d-ba9a-f2a5635d3e05_M_0-->da525d8e-ddb1-4d1d-ba9a-f2a5635d3e05_MG_58
60f86f36-6247-4ded-9ebe-9b8b10d3c416_M_2-->60f86f36-6247-4ded-9ebe-9b8b10d3c416_MG_31
474aae98-33d6-4c91-ba03-c4b148d82ec2_M_1-->474aae98-33d6-4c91-ba03-c4b148d82ec2_MG_47
9afcee54-cd7b-41c1-8ef6-76b8ed8ad893_M_1-->9afcee54-cd7b-41c1-8ef6-76b8ed8ad893_MG_131
60f86f36-6247-4ded-9ebe-9b8b10d3c416_M_3-->60f86f36-6247-4ded-9ebe-9b8b10d3c416_MG_31
474aae98-33d6-4c91-ba03-c4b148d82ec2_M_2-->474aae98-33d6-4c91-ba03-c4b148d82ec2_MG_47
9afcee54-cd7b-41c1-8ef6-76b8ed8ad893_M_0-->9afcee54-cd7b-41c1-8ef6-76b8ed8ad893_MG_131
60f86f36-6247-4ded-9ebe-9b8b10d3c416_M_4-->60f86f36-6247-4ded-9ebe-9b8b10d3c416_MG_31
474aae98-33d6-4c91-ba03-c4b148d82ec2_M_3-->474aae98-33d6-4c91-ba03-c4b148d82ec2_MG_47
9afcee54-cd7b-41c1-8ef6-76b8ed8ad893_M_3-->9afcee54-cd7b-41c1-8ef6-76b8ed8ad893_MG_131
60f86f36-6247-4ded-9ebe-9b8b10d3c416_M_5-->60f86f36-6247-4ded-9ebe-9b8b10d3c416_MG_31
474aae98-33d6-4c91-ba03-c4b148d82ec2_M_4-->474aae98-33d6-4c91-ba03-c4b148d82ec2_MG_47
9afcee54-cd7b-41c1-8ef6-76b8ed8ad893_M_2-->9afcee54-cd7b-41c1-8ef6-76b8ed8ad893_MG_131
60f86f36-6247-4ded-9ebe-9b8b10d3c416_M_0-->60f86f36-6247-4ded-9ebe-9b8b10d3c416_MG_31
60f86f36-6247-4ded-9ebe-9b8b10d3c416_M_1-->60f86f36-6247-4ded-9ebe-9b8b10d3c416_MG_31
da525d8e-ddb1-4d1d-ba9a-f2a5635d3e05_M_7-->da525d8e-ddb1-4d1d-ba9a-f2a5635d3e05_MG_58
da525d8e-ddb1-4d1d-ba9a-f2a5635d3e05_M_6-->da525d8e-ddb1-4d1d-ba9a-f2a5635d3e05_MG_58
da525d8e-ddb1-4d1d-ba9a-f2a5635d3e05_M_5-->da525d8e-ddb1-4d1d-ba9a-f2a5635d3e05_MG_58
da525d8e-ddb1-4d1d-ba9a-f2a5635d3e05_M_4-->da525d8e-ddb1-4d1d-ba9a-f2a5635d3e05_MG_58
da525d8e-ddb1-4d1d-ba9a-f2a5635d3e05_M_3-->da525d8e-ddb1-4d1d-ba9a-f2a5635d3e05_MG_58
15b90379-b224-4aa1-a86e-b1ccdd9d85c8_M_0-->15b90379-b224-4aa1-a86e-b1ccdd9d85c8_MG_62
1fc145b4-ee04-4cbf-b1b5-121a312990de_MG_104-->1fc145b4-ee04-4cbf-b1b5-121a312990de_M_0;1fc145b4-ee04-4cbf-b1b5-121a312990de_M_1
15b90379-b224-4aa1-a86e-b1ccdd9d85c8_M_1-->15b90379-b224-4aa1-a86e-b1ccdd9d85c8_MG_62
17e6eb2d-4ed2-4746-ac0c-9bd2e603e0d1_M_4-->17e6eb2d-4ed2-4746-ac0c-9bd2e603e0d1_MG_175
17e6eb2d-4ed2-4746-ac0c-9bd2e603e0d1_M_3-->17e6eb2d-4ed2-4746-ac0c-9bd2e603e0d1_MG_175
193b3388-4c57-404a-81a0-42badec784ae_MG_118-->193b3388-4c57-404a-81a0-42badec784ae_M_2;193b3388-4c57-404a-81a0-42badec784ae_M_3;193b3388-4c57-404a-81a0-42badec784ae_M_0;193b3388-4c57-404a-81a0-42badec784ae_M_1
17e6eb2d-4ed2-4746-ac0c-9bd2e603e0d1_M_0-->17e6eb2d-4ed2-4746-ac0c-9bd2e603e0d1_MG_175
17e6eb2d-4ed2-4746-ac0c-9bd2e603e0d1_M_2-->17e6eb2d-4ed2-4746-ac0c-9bd2e603e0d1_MG_175
17e6eb2d-4ed2-4746-ac0c-9bd2e603e0d1_M_1-->17e6eb2d-4ed2-4746-ac0c-9bd2e603e0d1_MG_175
b754394a-8daa-4c01-b19f-785afb86f161_M_3-->b754394a-8daa-4c01-b19f-785afb86f161_MG_135
b754394a-8daa-4c01-b19f-785afb86f161_M_4-->b754394a-8daa-4c01-b19f-785afb86f161_MG_135
b754394a-8daa-4c01-b19f-785afb86f161_M_1-->b754394a-8daa-4c01-b19f-785afb86f161_MG_135
b754394a-8daa-4c01-b19f-785afb86f161_M_2-->b754394a-8daa-4c01-b19f-785afb86f161_MG_135
b754394a-8daa-4c01-b19f-785afb86f161_M_0-->b754394a-8daa-4c01-b19f-785afb86f161_MG_135
c65d712f-ad5c-48b1-b358-08678ead15ed_MG_109-->c65d712f-ad5c-48b1-b358-08678ead15ed_M_4;c65d712f-ad5c-48b1-b358-08678ead15ed_M_3;c65d712f-ad5c-48b1-b358-08678ead15ed_M_6;c65d712f-ad5c-48b1-b358-08678ead15ed_M_5;c65d712f-ad5c-48b1-b358-08678ead15ed_M_0;c65d712f-ad5c-48b1-b358-08678ead15ed_M_2;c65d712f-ad5c-48b1-b358-08678ead15ed_M_1
0d92cc5a-87d2-48cc-847d-853b7fae6a7d_MG_82-->0d92cc5a-87d2-48cc-847d-853b7fae6a7d_M_3;0d92cc5a-87d2-48cc-847d-853b7fae6a7d_M_4;0d92cc5a-87d2-48cc-847d-853b7fae6a7d_M_0;0d92cc5a-87d2-48cc-847d-853b7fae6a7d_M_1;0d92cc5a-87d2-48cc-847d-853b7fae6a7d_M_2
91444e1b-1df5-491e-b635-b025d1668403_M_5-->91444e1b-1df5-491e-b635-b025d1668403_MG_6
91444e1b-1df5-491e-b635-b025d1668403_M_6-->91444e1b-1df5-491e-b635-b025d1668403_MG_6
77034e00-9f29-4afd-bc29-92a891d20b6b_MG_46-->77034e00-9f29-4afd-bc29-92a891d20b6b_M_1;77034e00-9f29-4afd-bc29-92a891d20b6b_M_0;77034e00-9f29-4afd-bc29-92a891d20b6b_M_6;77034e00-9f29-4afd-bc29-92a891d20b6b_M_3;77034e00-9f29-4afd-bc29-92a891d20b6b_M_2;77034e00-9f29-4afd-bc29-92a891d20b6b_M_5;77034e00-9f29-4afd-bc29-92a891d20b6b_M_4
91444e1b-1df5-491e-b635-b025d1668403_M_7-->91444e1b-1df5-491e-b635-b025d1668403_MG_6
91444e1b-1df5-491e-b635-b025d1668403_M_1-->91444e1b-1df5-491e-b635-b025d1668403_MG_6
a6f67eb9-e0f1-4db0-b0b8-f347b559d2e2_MG_56-->a6f67eb9-e0f1-4db0-b0b8-f347b559d2e2_M_0;a6f67eb9-e0f1-4db0-b0b8-f347b559d2e2_M_1;a6f67eb9-e0f1-4db0-b0b8-f347b559d2e2_M_2;a6f67eb9-e0f1-4db0-b0b8-f347b559d2e2_M_3
91444e1b-1df5-491e-b635-b025d1668403_M_2-->91444e1b-1df5-491e-b635-b025d1668403_MG_6
15855c2e-e165-44f8-9954-92b767bc8764_MG_122-->15855c2e-e165-44f8-9954-92b767bc8764_M_6;15855c2e-e165-44f8-9954-92b767bc8764_M_3;15855c2e-e165-44f8-9954-92b767bc8764_M_2;15855c2e-e165-44f8-9954-92b767bc8764_M_5;15855c2e-e165-44f8-9954-92b767bc8764_M_4;15855c2e-e165-44f8-9954-92b767bc8764_M_1;15855c2e-e165-44f8-9954-92b767bc8764_M_0
91444e1b-1df5-491e-b635-b025d1668403_M_3-->91444e1b-1df5-491e-b635-b025d1668403_MG_6
91444e1b-1df5-491e-b635-b025d1668403_M_4-->91444e1b-1df5-491e-b635-b025d1668403_MG_6
a6f67eb9-e0f1-4db0-b0b8-f347b559d2e2_M_0-->a6f67eb9-e0f1-4db0-b0b8-f347b559d2e2_MG_56
609a9a72-3b99-4497-9494-0912a1d0c44f_MG_83-->609a9a72-3b99-4497-9494-0912a1d0c44f_M_3;609a9a72-3b99-4497-9494-0912a1d0c44f_M_2;609a9a72-3b99-4497-9494-0912a1d0c44f_M_5;609a9a72-3b99-4497-9494-0912a1d0c44f_M_4;609a9a72-3b99-4497-9494-0912a1d0c44f_M_7;609a9a72-3b99-4497-9494-0912a1d0c44f_M_6;609a9a72-3b99-4497-9494-0912a1d0c44f_M_8;609a9a72-3b99-4497-9494-0912a1d0c44f_M_1;609a9a72-3b99-4497-9494-0912a1d0c44f_M_0
b5787f6f-3559-4b94-be30-b9b0cd81b618_M_0-->b5787f6f-3559-4b94-be30-b9b0cd81b618_MG_79
ed8d994c-ec27-42dc-9d1f-f0cad9468614_MG_34-->ed8d994c-ec27-42dc-9d1f-f0cad9468614_M_1;ed8d994c-ec27-42dc-9d1f-f0cad9468614_M_0
91444e1b-1df5-491e-b635-b025d1668403_M_0-->91444e1b-1df5-491e-b635-b025d1668403_MG_6
28ea9d3e-eba9-41af-aec0-2d37a06d591c_MG_106-->28ea9d3e-eba9-41af-aec0-2d37a06d591c_M_0;28ea9d3e-eba9-41af-aec0-2d37a06d591c_M_1
17e6eb2d-4ed2-4746-ac0c-9bd2e603e0d1_MG_175-->17e6eb2d-4ed2-4746-ac0c-9bd2e603e0d1_M_4;17e6eb2d-4ed2-4746-ac0c-9bd2e603e0d1_M_3;17e6eb2d-4ed2-4746-ac0c-9bd2e603e0d1_M_0;17e6eb2d-4ed2-4746-ac0c-9bd2e603e0d1_M_2;17e6eb2d-4ed2-4746-ac0c-9bd2e603e0d1_M_1
cb2b1c77-6cbd-4eb5-bb0e-9cb2b0f043d7_M_2-->cb2b1c77-6cbd-4eb5-bb0e-9cb2b0f043d7_MG_143
cb2b1c77-6cbd-4eb5-bb0e-9cb2b0f043d7_M_3-->cb2b1c77-6cbd-4eb5-bb0e-9cb2b0f043d7_MG_143
b5787f6f-3559-4b94-be30-b9b0cd81b618_M_6-->b5787f6f-3559-4b94-be30-b9b0cd81b618_MG_79
cb2b1c77-6cbd-4eb5-bb0e-9cb2b0f043d7_M_0-->cb2b1c77-6cbd-4eb5-bb0e-9cb2b0f043d7_MG_143
b5787f6f-3559-4b94-be30-b9b0cd81b618_M_5-->b5787f6f-3559-4b94-be30-b9b0cd81b618_MG_79
cb2b1c77-6cbd-4eb5-bb0e-9cb2b0f043d7_M_1-->cb2b1c77-6cbd-4eb5-bb0e-9cb2b0f043d7_MG_143
b5787f6f-3559-4b94-be30-b9b0cd81b618_M_4-->b5787f6f-3559-4b94-be30-b9b0cd81b618_MG_79
95feff29-6068-428e-b6f5-9e1226cfca32_MG_130-->95feff29-6068-428e-b6f5-9e1226cfca32_M_0;95feff29-6068-428e-b6f5-9e1226cfca32_M_1;95feff29-6068-428e-b6f5-9e1226cfca32_M_2
b5787f6f-3559-4b94-be30-b9b0cd81b618_M_3-->b5787f6f-3559-4b94-be30-b9b0cd81b618_MG_79
dd342a25-50d1-4ead-8d01-5dd3e695d96d_MG_126-->dd342a25-50d1-4ead-8d01-5dd3e695d96d_M_0;dd342a25-50d1-4ead-8d01-5dd3e695d96d_M_2;dd342a25-50d1-4ead-8d01-5dd3e695d96d_M_1;dd342a25-50d1-4ead-8d01-5dd3e695d96d_M_4;dd342a25-50d1-4ead-8d01-5dd3e695d96d_M_3
b5787f6f-3559-4b94-be30-b9b0cd81b618_M_2-->b5787f6f-3559-4b94-be30-b9b0cd81b618_MG_79
b5787f6f-3559-4b94-be30-b9b0cd81b618_M_1-->b5787f6f-3559-4b94-be30-b9b0cd81b618_MG_79
a6f67eb9-e0f1-4db0-b0b8-f347b559d2e2_M_1-->a6f67eb9-e0f1-4db0-b0b8-f347b559d2e2_MG_56
a6f67eb9-e0f1-4db0-b0b8-f347b559d2e2_M_2-->a6f67eb9-e0f1-4db0-b0b8-f347b559d2e2_MG_56
a6f67eb9-e0f1-4db0-b0b8-f347b559d2e2_M_3-->a6f67eb9-e0f1-4db0-b0b8-f347b559d2e2_MG_56
3cb20cea-edba-45e4-8ae0-816ea2748eb4_MG_165-->3cb20cea-edba-45e4-8ae0-816ea2748eb4_M_2;3cb20cea-edba-45e4-8ae0-816ea2748eb4_M_1;3cb20cea-edba-45e4-8ae0-816ea2748eb4_M_0;3cb20cea-edba-45e4-8ae0-816ea2748eb4_M_6;3cb20cea-edba-45e4-8ae0-816ea2748eb4_M_5;3cb20cea-edba-45e4-8ae0-816ea2748eb4_M_4;3cb20cea-edba-45e4-8ae0-816ea2748eb4_M_3;3cb20cea-edba-45e4-8ae0-816ea2748eb4_M_8;3cb20cea-edba-45e4-8ae0-816ea2748eb4_M_7
6d07408d-aeca-4ccc-b1ba-24b7438406e9_MG_0-->6d07408d-aeca-4ccc-b1ba-24b7438406e9_M_0;6d07408d-aeca-4ccc-b1ba-24b7438406e9_M_5;6d07408d-aeca-4ccc-b1ba-24b7438406e9_M_6;6d07408d-aeca-4ccc-b1ba-24b7438406e9_M_1;6d07408d-aeca-4ccc-b1ba-24b7438406e9_M_2;6d07408d-aeca-4ccc-b1ba-24b7438406e9_M_3;6d07408d-aeca-4ccc-b1ba-24b7438406e9_M_4
bd8b5e52-8a53-4b77-b74a-658f0fda92f3_MG_37-->bd8b5e52-8a53-4b77-b74a-658f0fda92f3_M_5;bd8b5e52-8a53-4b77-b74a-658f0fda92f3_M_0;bd8b5e52-8a53-4b77-b74a-658f0fda92f3_M_2;bd8b5e52-8a53-4b77-b74a-658f0fda92f3_M_1;bd8b5e52-8a53-4b77-b74a-658f0fda92f3_M_4;bd8b5e52-8a53-4b77-b74a-658f0fda92f3_M_3
cb2b1c77-6cbd-4eb5-bb0e-9cb2b0f043d7_M_6-->cb2b1c77-6cbd-4eb5-bb0e-9cb2b0f043d7_MG_143
cb2b1c77-6cbd-4eb5-bb0e-9cb2b0f043d7_M_7-->cb2b1c77-6cbd-4eb5-bb0e-9cb2b0f043d7_MG_143
cb2b1c77-6cbd-4eb5-bb0e-9cb2b0f043d7_M_4-->cb2b1c77-6cbd-4eb5-bb0e-9cb2b0f043d7_MG_143
cb2b1c77-6cbd-4eb5-bb0e-9cb2b0f043d7_M_5-->cb2b1c77-6cbd-4eb5-bb0e-9cb2b0f043d7_MG_143
ed8d994c-ec27-42dc-9d1f-f0cad9468614_M_1-->ed8d994c-ec27-42dc-9d1f-f0cad9468614_MG_34
6d07408d-aeca-4ccc-b1ba-24b7438406e9_M_0-->6d07408d-aeca-4ccc-b1ba-24b7438406e9_MG_0
d7b1db4d-6755-4cad-ab41-ccd63660c743_M_2-->d7b1db4d-6755-4cad-ab41-ccd63660c743_MG_77
d7b1db4d-6755-4cad-ab41-ccd63660c743_M_3-->d7b1db4d-6755-4cad-ab41-ccd63660c743_MG_77
d7b1db4d-6755-4cad-ab41-ccd63660c743_M_0-->d7b1db4d-6755-4cad-ab41-ccd63660c743_MG_77
ed8d994c-ec27-42dc-9d1f-f0cad9468614_M_0-->ed8d994c-ec27-42dc-9d1f-f0cad9468614_MG_34
d7b1db4d-6755-4cad-ab41-ccd63660c743_M_1-->d7b1db4d-6755-4cad-ab41-ccd63660c743_MG_77
6d07408d-aeca-4ccc-b1ba-24b7438406e9_M_5-->6d07408d-aeca-4ccc-b1ba-24b7438406e9_MG_0
d7b1db4d-6755-4cad-ab41-ccd63660c743_M_6-->d7b1db4d-6755-4cad-ab41-ccd63660c743_MG_77
6d07408d-aeca-4ccc-b1ba-24b7438406e9_M_6-->6d07408d-aeca-4ccc-b1ba-24b7438406e9_MG_0
f5adf985-7d18-4c06-8619-2d111430ced0_MG_43-->f5adf985-7d18-4c06-8619-2d111430ced0_M_0;f5adf985-7d18-4c06-8619-2d111430ced0_M_1
d7b1db4d-6755-4cad-ab41-ccd63660c743_M_7-->d7b1db4d-6755-4cad-ab41-ccd63660c743_MG_77
d7b1db4d-6755-4cad-ab41-ccd63660c743_M_4-->d7b1db4d-6755-4cad-ab41-ccd63660c743_MG_77
d7b1db4d-6755-4cad-ab41-ccd63660c743_M_5-->d7b1db4d-6755-4cad-ab41-ccd63660c743_MG_77
6d07408d-aeca-4ccc-b1ba-24b7438406e9_M_1-->6d07408d-aeca-4ccc-b1ba-24b7438406e9_MG_0
6d07408d-aeca-4ccc-b1ba-24b7438406e9_M_2-->6d07408d-aeca-4ccc-b1ba-24b7438406e9_MG_0
6d07408d-aeca-4ccc-b1ba-24b7438406e9_M_3-->6d07408d-aeca-4ccc-b1ba-24b7438406e9_MG_0
d7b1db4d-6755-4cad-ab41-ccd63660c743_M_8-->d7b1db4d-6755-4cad-ab41-ccd63660c743_MG_77
6d07408d-aeca-4ccc-b1ba-24b7438406e9_M_4-->6d07408d-aeca-4ccc-b1ba-24b7438406e9_MG_0
f5adf985-7d18-4c06-8619-2d111430ced0_M_0-->f5adf985-7d18-4c06-8619-2d111430ced0_MG_43
f5adf985-7d18-4c06-8619-2d111430ced0_M_1-->f5adf985-7d18-4c06-8619-2d111430ced0_MG_43
d5d469d8-6b8a-45ba-9b62-adef814356c2_M_2-->d5d469d8-6b8a-45ba-9b62-adef814356c2_MG_49
d5d469d8-6b8a-45ba-9b62-adef814356c2_M_1-->d5d469d8-6b8a-45ba-9b62-adef814356c2_MG_49
d5d469d8-6b8a-45ba-9b62-adef814356c2_M_0-->d5d469d8-6b8a-45ba-9b62-adef814356c2_MG_49
15b90379-b224-4aa1-a86e-b1ccdd9d85c8_MG_62-->15b90379-b224-4aa1-a86e-b1ccdd9d85c8_M_0;15b90379-b224-4aa1-a86e-b1ccdd9d85c8_M_1
Inventory-->Inventory Group
d5d469d8-6b8a-45ba-9b62-adef814356c2_M_4-->d5d469d8-6b8a-45ba-9b62-adef814356c2_MG_49
d5d469d8-6b8a-45ba-9b62-adef814356c2_M_3-->d5d469d8-6b8a-45ba-9b62-adef814356c2_MG_49
660200c7-3b16-4f63-a0c8-ec311750d558_M_1-->660200c7-3b16-4f63-a0c8-ec311750d558_MG_5
660200c7-3b16-4f63-a0c8-ec311750d558_M_0-->660200c7-3b16-4f63-a0c8-ec311750d558_MG_5
cc7de93b-665d-4e8e-8a4c-2a4007a0c901_M_0-->cc7de93b-665d-4e8e-8a4c-2a4007a0c901_MG_69
cc7de93b-665d-4e8e-8a4c-2a4007a0c901_M_1-->cc7de93b-665d-4e8e-8a4c-2a4007a0c901_MG_69
3ad7b5d7-d962-47d5-82be-e048b0124c38_M_0-->3ad7b5d7-d962-47d5-82be-e048b0124c38_MG_74
3ad7b5d7-d962-47d5-82be-e048b0124c38_M_1-->3ad7b5d7-d962-47d5-82be-e048b0124c38_MG_74
d3ae7e42-f289-4c0c-8698-1a761d557b88_MG_91-->d3ae7e42-f289-4c0c-8698-1a761d557b88_M_2;d3ae7e42-f289-4c0c-8698-1a761d557b88_M_1;d3ae7e42-f289-4c0c-8698-1a761d557b88_M_0
78283441-9bc0-4b6d-983b-5bedb48b09b4_M_1-->78283441-9bc0-4b6d-983b-5bedb48b09b4_MG_76
78283441-9bc0-4b6d-983b-5bedb48b09b4_M_2-->78283441-9bc0-4b6d-983b-5bedb48b09b4_MG_76
78283441-9bc0-4b6d-983b-5bedb48b09b4_M_3-->78283441-9bc0-4b6d-983b-5bedb48b09b4_MG_76
78283441-9bc0-4b6d-983b-5bedb48b09b4_M_4-->78283441-9bc0-4b6d-983b-5bedb48b09b4_MG_76
78283441-9bc0-4b6d-983b-5bedb48b09b4_M_5-->78283441-9bc0-4b6d-983b-5bedb48b09b4_MG_76
78283441-9bc0-4b6d-983b-5bedb48b09b4_M_6-->78283441-9bc0-4b6d-983b-5bedb48b09b4_MG_76
78283441-9bc0-4b6d-983b-5bedb48b09b4_M_7-->78283441-9bc0-4b6d-983b-5bedb48b09b4_MG_76
cc7de93b-665d-4e8e-8a4c-2a4007a0c901_M_4-->cc7de93b-665d-4e8e-8a4c-2a4007a0c901_MG_69
ab048935-97c3-4766-9af0-0180080ec0b7_M_2-->ab048935-97c3-4766-9af0-0180080ec0b7_MG_29
cc7de93b-665d-4e8e-8a4c-2a4007a0c901_M_5-->cc7de93b-665d-4e8e-8a4c-2a4007a0c901_MG_69
cc7de93b-665d-4e8e-8a4c-2a4007a0c901_M_2-->cc7de93b-665d-4e8e-8a4c-2a4007a0c901_MG_69
cc7de93b-665d-4e8e-8a4c-2a4007a0c901_M_3-->cc7de93b-665d-4e8e-8a4c-2a4007a0c901_MG_69
ab048935-97c3-4766-9af0-0180080ec0b7_M_1-->ab048935-97c3-4766-9af0-0180080ec0b7_MG_29
ab048935-97c3-4766-9af0-0180080ec0b7_M_0-->ab048935-97c3-4766-9af0-0180080ec0b7_MG_29
04c197e1-1a5b-49e7-bb5a-209cb5784201_MG_42-->04c197e1-1a5b-49e7-bb5a-209cb5784201_M_4;04c197e1-1a5b-49e7-bb5a-209cb5784201_M_5;04c197e1-1a5b-49e7-bb5a-209cb5784201_M_0;04c197e1-1a5b-49e7-bb5a-209cb5784201_M_1;04c197e1-1a5b-49e7-bb5a-209cb5784201_M_2;04c197e1-1a5b-49e7-bb5a-209cb5784201_M_3
a1d17520-033f-44c1-bb5c-0951eb9a52e4_MG_67-->a1d17520-033f-44c1-bb5c-0951eb9a52e4_M_1;a1d17520-033f-44c1-bb5c-0951eb9a52e4_M_0
3172cc81-5909-450d-bbd4-b6207b4f7e12_MG_35-->3172cc81-5909-450d-bbd4-b6207b4f7e12_M_5;3172cc81-5909-450d-bbd4-b6207b4f7e12_M_6;3172cc81-5909-450d-bbd4-b6207b4f7e12_M_1;3172cc81-5909-450d-bbd4-b6207b4f7e12_M_2;3172cc81-5909-450d-bbd4-b6207b4f7e12_M_3;3172cc81-5909-450d-bbd4-b6207b4f7e12_M_4;3172cc81-5909-450d-bbd4-b6207b4f7e12_M_0
04c197e1-1a5b-49e7-bb5a-209cb5784201_M_4-->04c197e1-1a5b-49e7-bb5a-209cb5784201_MG_42
af1caab0-8429-4681-9d83-e27f50d22a1a_M_8-->af1caab0-8429-4681-9d83-e27f50d22a1a_MG_22
04c197e1-1a5b-49e7-bb5a-209cb5784201_M_5-->04c197e1-1a5b-49e7-bb5a-209cb5784201_MG_42
af1caab0-8429-4681-9d83-e27f50d22a1a_M_7-->af1caab0-8429-4681-9d83-e27f50d22a1a_MG_22
af1caab0-8429-4681-9d83-e27f50d22a1a_M_6-->af1caab0-8429-4681-9d83-e27f50d22a1a_MG_22
78283441-9bc0-4b6d-983b-5bedb48b09b4_M_0-->78283441-9bc0-4b6d-983b-5bedb48b09b4_MG_76
9f09e9a2-67fb-41e7-b7d7-aa9f3eaaaca7_M_0-->9f09e9a2-67fb-41e7-b7d7-aa9f3eaaaca7_MG_1
04c197e1-1a5b-49e7-bb5a-209cb5784201_M_0-->04c197e1-1a5b-49e7-bb5a-209cb5784201_MG_42
04c197e1-1a5b-49e7-bb5a-209cb5784201_M_1-->04c197e1-1a5b-49e7-bb5a-209cb5784201_MG_42
04c197e1-1a5b-49e7-bb5a-209cb5784201_M_2-->04c197e1-1a5b-49e7-bb5a-209cb5784201_MG_42
04c197e1-1a5b-49e7-bb5a-209cb5784201_M_3-->04c197e1-1a5b-49e7-bb5a-209cb5784201_MG_42
9f09e9a2-67fb-41e7-b7d7-aa9f3eaaaca7_M_2-->9f09e9a2-67fb-41e7-b7d7-aa9f3eaaaca7_MG_1
9f09e9a2-67fb-41e7-b7d7-aa9f3eaaaca7_M_1-->9f09e9a2-67fb-41e7-b7d7-aa9f3eaaaca7_MG_1
a8d3cafc-ce2b-49ba-8564-e1578ca430a8_M_0-->a8d3cafc-ce2b-49ba-8564-e1578ca430a8_MG_160
af1caab0-8429-4681-9d83-e27f50d22a1a_M_5-->af1caab0-8429-4681-9d83-e27f50d22a1a_MG_22
a8d3cafc-ce2b-49ba-8564-e1578ca430a8_M_1-->a8d3cafc-ce2b-49ba-8564-e1578ca430a8_MG_160
af1caab0-8429-4681-9d83-e27f50d22a1a_M_4-->af1caab0-8429-4681-9d83-e27f50d22a1a_MG_22
a8d3cafc-ce2b-49ba-8564-e1578ca430a8_M_2-->a8d3cafc-ce2b-49ba-8564-e1578ca430a8_MG_160
af1caab0-8429-4681-9d83-e27f50d22a1a_M_3-->af1caab0-8429-4681-9d83-e27f50d22a1a_MG_22
a8d3cafc-ce2b-49ba-8564-e1578ca430a8_M_3-->a8d3cafc-ce2b-49ba-8564-e1578ca430a8_MG_160
af1caab0-8429-4681-9d83-e27f50d22a1a_M_2-->af1caab0-8429-4681-9d83-e27f50d22a1a_MG_22
a8d3cafc-ce2b-49ba-8564-e1578ca430a8_M_4-->a8d3cafc-ce2b-49ba-8564-e1578ca430a8_MG_160
af1caab0-8429-4681-9d83-e27f50d22a1a_M_1-->af1caab0-8429-4681-9d83-e27f50d22a1a_MG_22
a8d3cafc-ce2b-49ba-8564-e1578ca430a8_M_5-->a8d3cafc-ce2b-49ba-8564-e1578ca430a8_MG_160
af1caab0-8429-4681-9d83-e27f50d22a1a_M_0-->af1caab0-8429-4681-9d83-e27f50d22a1a_MG_22
a8d3cafc-ce2b-49ba-8564-e1578ca430a8_M_6-->a8d3cafc-ce2b-49ba-8564-e1578ca430a8_MG_160
a8d3cafc-ce2b-49ba-8564-e1578ca430a8_M_7-->a8d3cafc-ce2b-49ba-8564-e1578ca430a8_MG_160
a8d3cafc-ce2b-49ba-8564-e1578ca430a8_M_8-->a8d3cafc-ce2b-49ba-8564-e1578ca430a8_MG_160
d5d469d8-6b8a-45ba-9b62-adef814356c2_MG_49-->d5d469d8-6b8a-45ba-9b62-adef814356c2_M_2;d5d469d8-6b8a-45ba-9b62-adef814356c2_M_1;d5d469d8-6b8a-45ba-9b62-adef814356c2_M_0;d5d469d8-6b8a-45ba-9b62-adef814356c2_M_4;d5d469d8-6b8a-45ba-9b62-adef814356c2_M_3
a648eab4-9dab-4e2b-a22d-475e60dab9a2_M_0-->a648eab4-9dab-4e2b-a22d-475e60dab9a2_MG_50
a648eab4-9dab-4e2b-a22d-475e60dab9a2_M_1-->a648eab4-9dab-4e2b-a22d-475e60dab9a2_MG_50
a648eab4-9dab-4e2b-a22d-475e60dab9a2_M_2-->a648eab4-9dab-4e2b-a22d-475e60dab9a2_MG_50
4e54624a-cd1d-48c5-b719-a173b35d77b4_MG_159-->4e54624a-cd1d-48c5-b719-a173b35d77b4_M_0;4e54624a-cd1d-48c5-b719-a173b35d77b4_M_2;4e54624a-cd1d-48c5-b719-a173b35d77b4_M_1;4e54624a-cd1d-48c5-b719-a173b35d77b4_M_3
a648eab4-9dab-4e2b-a22d-475e60dab9a2_M_3-->a648eab4-9dab-4e2b-a22d-475e60dab9a2_MG_50
a648eab4-9dab-4e2b-a22d-475e60dab9a2_M_4-->a648eab4-9dab-4e2b-a22d-475e60dab9a2_MG_50
a648eab4-9dab-4e2b-a22d-475e60dab9a2_M_5-->a648eab4-9dab-4e2b-a22d-475e60dab9a2_MG_50
0fd9492e-bd51-4f12-beb9-9ff03de55ccb_M_2-->0fd9492e-bd51-4f12-beb9-9ff03de55ccb_MG_81
9aa86ccc-8227-425d-8019-4b9eaa09c8dd_M_0-->9aa86ccc-8227-425d-8019-4b9eaa09c8dd_MG_129
9aa86ccc-8227-425d-8019-4b9eaa09c8dd_M_1-->9aa86ccc-8227-425d-8019-4b9eaa09c8dd_MG_129
9aa86ccc-8227-425d-8019-4b9eaa09c8dd_M_2-->9aa86ccc-8227-425d-8019-4b9eaa09c8dd_MG_129
9aa86ccc-8227-425d-8019-4b9eaa09c8dd_M_3-->9aa86ccc-8227-425d-8019-4b9eaa09c8dd_MG_129
9aa86ccc-8227-425d-8019-4b9eaa09c8dd_M_4-->9aa86ccc-8227-425d-8019-4b9eaa09c8dd_MG_129
0fd9492e-bd51-4f12-beb9-9ff03de55ccb_M_1-->0fd9492e-bd51-4f12-beb9-9ff03de55ccb_MG_81
0fd9492e-bd51-4f12-beb9-9ff03de55ccb_M_0-->0fd9492e-bd51-4f12-beb9-9ff03de55ccb_MG_81
0be6dd73-3dd3-41f3-b203-ab36681152c5_MG_170-->0be6dd73-3dd3-41f3-b203-ab36681152c5_M_3;0be6dd73-3dd3-41f3-b203-ab36681152c5_M_2;0be6dd73-3dd3-41f3-b203-ab36681152c5_M_5;0be6dd73-3dd3-41f3-b203-ab36681152c5_M_4;0be6dd73-3dd3-41f3-b203-ab36681152c5_M_1;0be6dd73-3dd3-41f3-b203-ab36681152c5_M_0
54622505-d746-4d23-b2f4-5876164cbc7d_M_0-->54622505-d746-4d23-b2f4-5876164cbc7d_MG_132
54622505-d746-4d23-b2f4-5876164cbc7d_M_1-->54622505-d746-4d23-b2f4-5876164cbc7d_MG_132
660200c7-3b16-4f63-a0c8-ec311750d558_MG_5-->660200c7-3b16-4f63-a0c8-ec311750d558_M_1;660200c7-3b16-4f63-a0c8-ec311750d558_M_0
54622505-d746-4d23-b2f4-5876164cbc7d_M_2-->54622505-d746-4d23-b2f4-5876164cbc7d_MG_132
68d359f8-8c40-4f65-a040-86ff79151ba9_MG_15-->68d359f8-8c40-4f65-a040-86ff79151ba9_M_6;68d359f8-8c40-4f65-a040-86ff79151ba9_M_0;68d359f8-8c40-4f65-a040-86ff79151ba9_M_1;68d359f8-8c40-4f65-a040-86ff79151ba9_M_4;68d359f8-8c40-4f65-a040-86ff79151ba9_M_5;68d359f8-8c40-4f65-a040-86ff79151ba9_M_2;68d359f8-8c40-4f65-a040-86ff79151ba9_M_3
54622505-d746-4d23-b2f4-5876164cbc7d_M_3-->54622505-d746-4d23-b2f4-5876164cbc7d_MG_132
54622505-d746-4d23-b2f4-5876164cbc7d_M_4-->54622505-d746-4d23-b2f4-5876164cbc7d_MG_132
54622505-d746-4d23-b2f4-5876164cbc7d_M_5-->54622505-d746-4d23-b2f4-5876164cbc7d_MG_132
97b8013a-1614-4a37-90ca-d43ec48732bd_MG_176-->97b8013a-1614-4a37-90ca-d43ec48732bd_M_1;97b8013a-1614-4a37-90ca-d43ec48732bd_M_2;97b8013a-1614-4a37-90ca-d43ec48732bd_M_0;97b8013a-1614-4a37-90ca-d43ec48732bd_M_3
54622505-d746-4d23-b2f4-5876164cbc7d_M_6-->54622505-d746-4d23-b2f4-5876164cbc7d_MG_132
54622505-d746-4d23-b2f4-5876164cbc7d_M_7-->54622505-d746-4d23-b2f4-5876164cbc7d_MG_132
484e2055-f4ba-4d51-a1c6-ce8d1fabd646_M_8-->484e2055-f4ba-4d51-a1c6-ce8d1fabd646_MG_103
da525d8e-ddb1-4d1d-ba9a-f2a5635d3e05_MG_58-->da525d8e-ddb1-4d1d-ba9a-f2a5635d3e05_M_2;da525d8e-ddb1-4d1d-ba9a-f2a5635d3e05_M_1;da525d8e-ddb1-4d1d-ba9a-f2a5635d3e05_M_0;da525d8e-ddb1-4d1d-ba9a-f2a5635d3e05_M_7;da525d8e-ddb1-4d1d-ba9a-f2a5635d3e05_M_6;da525d8e-ddb1-4d1d-ba9a-f2a5635d3e05_M_5;da525d8e-ddb1-4d1d-ba9a-f2a5635d3e05_M_4;da525d8e-ddb1-4d1d-ba9a-f2a5635d3e05_M_3
484e2055-f4ba-4d51-a1c6-ce8d1fabd646_M_7-->484e2055-f4ba-4d51-a1c6-ce8d1fabd646_MG_103
484e2055-f4ba-4d51-a1c6-ce8d1fabd646_M_6-->484e2055-f4ba-4d51-a1c6-ce8d1fabd646_MG_103
484e2055-f4ba-4d51-a1c6-ce8d1fabd646_M_5-->484e2055-f4ba-4d51-a1c6-ce8d1fabd646_MG_103
484e2055-f4ba-4d51-a1c6-ce8d1fabd646_M_4-->484e2055-f4ba-4d51-a1c6-ce8d1fabd646_MG_103
484e2055-f4ba-4d51-a1c6-ce8d1fabd646_M_3-->484e2055-f4ba-4d51-a1c6-ce8d1fabd646_MG_103
484e2055-f4ba-4d51-a1c6-ce8d1fabd646_M_2-->484e2055-f4ba-4d51-a1c6-ce8d1fabd646_MG_103
cccbfdf6-ba7e-4264-8589-c1eee3874327_MG_150-->cccbfdf6-ba7e-4264-8589-c1eee3874327_M_7;cccbfdf6-ba7e-4264-8589-c1eee3874327_M_6;cccbfdf6-ba7e-4264-8589-c1eee3874327_M_5;cccbfdf6-ba7e-4264-8589-c1eee3874327_M_4;cccbfdf6-ba7e-4264-8589-c1eee3874327_M_3;cccbfdf6-ba7e-4264-8589-c1eee3874327_M_2;cccbfdf6-ba7e-4264-8589-c1eee3874327_M_1;cccbfdf6-ba7e-4264-8589-c1eee3874327_M_0
484e2055-f4ba-4d51-a1c6-ce8d1fabd646_M_1-->484e2055-f4ba-4d51-a1c6-ce8d1fabd646_MG_103
484e2055-f4ba-4d51-a1c6-ce8d1fabd646_M_0-->484e2055-f4ba-4d51-a1c6-ce8d1fabd646_MG_103
e4bb3c56-0e8c-4af1-828c-b9712bb80324_M_3-->e4bb3c56-0e8c-4af1-828c-b9712bb80324_MG_40
4718e8b8-7b84-4257-95aa-ac0805d1f0f4_M_6-->4718e8b8-7b84-4257-95aa-ac0805d1f0f4_MG_141
e4bb3c56-0e8c-4af1-828c-b9712bb80324_M_2-->e4bb3c56-0e8c-4af1-828c-b9712bb80324_MG_40
4718e8b8-7b84-4257-95aa-ac0805d1f0f4_M_5-->4718e8b8-7b84-4257-95aa-ac0805d1f0f4_MG_141
e4bb3c56-0e8c-4af1-828c-b9712bb80324_M_5-->e4bb3c56-0e8c-4af1-828c-b9712bb80324_MG_40
6dedf7e0-bb90-4414-981d-2e5f625ac081_MG_163-->6dedf7e0-bb90-4414-981d-2e5f625ac081_M_3;6dedf7e0-bb90-4414-981d-2e5f625ac081_M_2;6dedf7e0-bb90-4414-981d-2e5f625ac081_M_1;6dedf7e0-bb90-4414-981d-2e5f625ac081_M_0
e4bb3c56-0e8c-4af1-828c-b9712bb80324_M_4-->e4bb3c56-0e8c-4af1-828c-b9712bb80324_MG_40
4718e8b8-7b84-4257-95aa-ac0805d1f0f4_M_7-->4718e8b8-7b84-4257-95aa-ac0805d1f0f4_MG_141
e4bb3c56-0e8c-4af1-828c-b9712bb80324_M_7-->e4bb3c56-0e8c-4af1-828c-b9712bb80324_MG_40
e4bb3c56-0e8c-4af1-828c-b9712bb80324_M_6-->e4bb3c56-0e8c-4af1-828c-b9712bb80324_MG_40
ecb8d7bc-b8c1-4009-92e8-c83ebd47cde3_MG_113-->ecb8d7bc-b8c1-4009-92e8-c83ebd47cde3_M_2;ecb8d7bc-b8c1-4009-92e8-c83ebd47cde3_M_1;ecb8d7bc-b8c1-4009-92e8-c83ebd47cde3_M_0
282644ac-fee8-4aff-b79b-e23894ac6e17_M_2-->282644ac-fee8-4aff-b79b-e23894ac6e17_MG_133
282644ac-fee8-4aff-b79b-e23894ac6e17_M_3-->282644ac-fee8-4aff-b79b-e23894ac6e17_MG_133
282644ac-fee8-4aff-b79b-e23894ac6e17_M_0-->282644ac-fee8-4aff-b79b-e23894ac6e17_MG_133
4718e8b8-7b84-4257-95aa-ac0805d1f0f4_M_0-->4718e8b8-7b84-4257-95aa-ac0805d1f0f4_MG_141
282644ac-fee8-4aff-b79b-e23894ac6e17_M_1-->282644ac-fee8-4aff-b79b-e23894ac6e17_MG_133
4718e8b8-7b84-4257-95aa-ac0805d1f0f4_M_2-->4718e8b8-7b84-4257-95aa-ac0805d1f0f4_MG_141
4718e8b8-7b84-4257-95aa-ac0805d1f0f4_M_1-->4718e8b8-7b84-4257-95aa-ac0805d1f0f4_MG_141
4718e8b8-7b84-4257-95aa-ac0805d1f0f4_M_4-->4718e8b8-7b84-4257-95aa-ac0805d1f0f4_MG_141
4718e8b8-7b84-4257-95aa-ac0805d1f0f4_M_3-->4718e8b8-7b84-4257-95aa-ac0805d1f0f4_MG_141
734e17d2-fea7-46b1-afba-fd19442ae32d_MG_152-->734e17d2-fea7-46b1-afba-fd19442ae32d_M_0;734e17d2-fea7-46b1-afba-fd19442ae32d_M_1
282644ac-fee8-4aff-b79b-e23894ac6e17_M_6-->282644ac-fee8-4aff-b79b-e23894ac6e17_MG_133
282644ac-fee8-4aff-b79b-e23894ac6e17_M_7-->282644ac-fee8-4aff-b79b-e23894ac6e17_MG_133
282644ac-fee8-4aff-b79b-e23894ac6e17_M_4-->282644ac-fee8-4aff-b79b-e23894ac6e17_MG_133
04dd899b-f4fb-49f0-97e9-05e1c5895023_MG_41-->04dd899b-f4fb-49f0-97e9-05e1c5895023_M_5;04dd899b-f4fb-49f0-97e9-05e1c5895023_M_4;04dd899b-f4fb-49f0-97e9-05e1c5895023_M_7;04dd899b-f4fb-49f0-97e9-05e1c5895023_M_6;04dd899b-f4fb-49f0-97e9-05e1c5895023_M_1;04dd899b-f4fb-49f0-97e9-05e1c5895023_M_0;04dd899b-f4fb-49f0-97e9-05e1c5895023_M_3;04dd899b-f4fb-49f0-97e9-05e1c5895023_M_2
282644ac-fee8-4aff-b79b-e23894ac6e17_M_5-->282644ac-fee8-4aff-b79b-e23894ac6e17_MG_133
Sales Group-->Sales;Sales Target
e4bb3c56-0e8c-4af1-828c-b9712bb80324_M_1-->e4bb3c56-0e8c-4af1-828c-b9712bb80324_MG_40
e4bb3c56-0e8c-4af1-828c-b9712bb80324_M_0-->e4bb3c56-0e8c-4af1-828c-b9712bb80324_MG_40
f55d189c-e0b7-4ae7-a887-4a63bd00a387_M_3-->f55d189c-e0b7-4ae7-a887-4a63bd00a387_MG_21
10ec450a-fc84-43de-ba3c-8b367d102089_MG_94-->10ec450a-fc84-43de-ba3c-8b367d102089_M_2;10ec450a-fc84-43de-ba3c-8b367d102089_M_3;10ec450a-fc84-43de-ba3c-8b367d102089_M_4;10ec450a-fc84-43de-ba3c-8b367d102089_M_5;10ec450a-fc84-43de-ba3c-8b367d102089_M_6;10ec450a-fc84-43de-ba3c-8b367d102089_M_7;10ec450a-fc84-43de-ba3c-8b367d102089_M_8;10ec450a-fc84-43de-ba3c-8b367d102089_M_0;10ec450a-fc84-43de-ba3c-8b367d102089_M_1
f55d189c-e0b7-4ae7-a887-4a63bd00a387_M_2-->f55d189c-e0b7-4ae7-a887-4a63bd00a387_MG_21
f55d189c-e0b7-4ae7-a887-4a63bd00a387_M_1-->f55d189c-e0b7-4ae7-a887-4a63bd00a387_MG_21
f55d189c-e0b7-4ae7-a887-4a63bd00a387_M_0-->f55d189c-e0b7-4ae7-a887-4a63bd00a387_MG_21
e57f557e-9b0f-4475-938c-1ef9e4a0019b_MG_45-->e57f557e-9b0f-4475-938c-1ef9e4a0019b_M_2;e57f557e-9b0f-4475-938c-1ef9e4a0019b_M_1;e57f557e-9b0f-4475-938c-1ef9e4a0019b_M_0
701d6a8f-8c53-4039-85dd-ee317a8a4a7a_MG_136-->701d6a8f-8c53-4039-85dd-ee317a8a4a7a_M_4;701d6a8f-8c53-4039-85dd-ee317a8a4a7a_M_5;701d6a8f-8c53-4039-85dd-ee317a8a4a7a_M_6;701d6a8f-8c53-4039-85dd-ee317a8a4a7a_M_7;701d6a8f-8c53-4039-85dd-ee317a8a4a7a_M_0;701d6a8f-8c53-4039-85dd-ee317a8a4a7a_M_1;701d6a8f-8c53-4039-85dd-ee317a8a4a7a_M_2;701d6a8f-8c53-4039-85dd-ee317a8a4a7a_M_3
f55d189c-e0b7-4ae7-a887-4a63bd00a387_M_8-->f55d189c-e0b7-4ae7-a887-4a63bd00a387_MG_21
f55d189c-e0b7-4ae7-a887-4a63bd00a387_M_7-->f55d189c-e0b7-4ae7-a887-4a63bd00a387_MG_21
f55d189c-e0b7-4ae7-a887-4a63bd00a387_M_6-->f55d189c-e0b7-4ae7-a887-4a63bd00a387_MG_21
f55d189c-e0b7-4ae7-a887-4a63bd00a387_M_5-->f55d189c-e0b7-4ae7-a887-4a63bd00a387_MG_21
9afcee54-cd7b-41c1-8ef6-76b8ed8ad893_MG_131-->9afcee54-cd7b-41c1-8ef6-76b8ed8ad893_M_5;9afcee54-cd7b-41c1-8ef6-76b8ed8ad893_M_4;9afcee54-cd7b-41c1-8ef6-76b8ed8ad893_M_1;9afcee54-cd7b-41c1-8ef6-76b8ed8ad893_M_0;9afcee54-cd7b-41c1-8ef6-76b8ed8ad893_M_3;9afcee54-cd7b-41c1-8ef6-76b8ed8ad893_M_2
f55d189c-e0b7-4ae7-a887-4a63bd00a387_M_4-->f55d189c-e0b7-4ae7-a887-4a63bd00a387_MG_21
24833ce3-4c1c-46c5-8b62-64bd4ac9e489_M_7-->24833ce3-4c1c-46c5-8b62-64bd4ac9e489_MG_25
24833ce3-4c1c-46c5-8b62-64bd4ac9e489_M_6-->24833ce3-4c1c-46c5-8b62-64bd4ac9e489_MG_25
40151b53-6391-4519-a7cc-f7e93053b2fd_MG_173-->40151b53-6391-4519-a7cc-f7e93053b2fd_M_5;40151b53-6391-4519-a7cc-f7e93053b2fd_M_4;40151b53-6391-4519-a7cc-f7e93053b2fd_M_3;40151b53-6391-4519-a7cc-f7e93053b2fd_M_2;40151b53-6391-4519-a7cc-f7e93053b2fd_M_1;40151b53-6391-4519-a7cc-f7e93053b2fd_M_0;40151b53-6391-4519-a7cc-f7e93053b2fd_M_6
93e4b62d-7b2b-4513-a1cd-2323143e4299_M_3-->93e4b62d-7b2b-4513-a1cd-2323143e4299_MG_89
Inventory Group-->Returned Items;Inventory
1f5dc54f-6eb7-4f17-a171-146fae84a2f5_MG_55-->1f5dc54f-6eb7-4f17-a171-146fae84a2f5_M_4;1f5dc54f-6eb7-4f17-a171-146fae84a2f5_M_3;1f5dc54f-6eb7-4f17-a171-146fae84a2f5_M_2;1f5dc54f-6eb7-4f17-a171-146fae84a2f5_M_1;1f5dc54f-6eb7-4f17-a171-146fae84a2f5_M_0
93e4b62d-7b2b-4513-a1cd-2323143e4299_M_2-->93e4b62d-7b2b-4513-a1cd-2323143e4299_MG_89
93e4b62d-7b2b-4513-a1cd-2323143e4299_M_5-->93e4b62d-7b2b-4513-a1cd-2323143e4299_MG_89
b06198c0-4c64-492e-9a3f-4d059f31dc72_MG_80-->b06198c0-4c64-492e-9a3f-4d059f31dc72_M_6;b06198c0-4c64-492e-9a3f-4d059f31dc72_M_7;b06198c0-4c64-492e-9a3f-4d059f31dc72_M_8;b06198c0-4c64-492e-9a3f-4d059f31dc72_M_2;b06198c0-4c64-492e-9a3f-4d059f31dc72_M_3;b06198c0-4c64-492e-9a3f-4d059f31dc72_M_4;b06198c0-4c64-492e-9a3f-4d059f31dc72_M_5;b06198c0-4c64-492e-9a3f-4d059f31dc72_M_0;b06198c0-4c64-492e-9a3f-4d059f31dc72_M_1
93e4b62d-7b2b-4513-a1cd-2323143e4299_M_4-->93e4b62d-7b2b-4513-a1cd-2323143e4299_MG_89
93e4b62d-7b2b-4513-a1cd-2323143e4299_M_1-->93e4b62d-7b2b-4513-a1cd-2323143e4299_MG_89
93e4b62d-7b2b-4513-a1cd-2323143e4299_M_0-->93e4b62d-7b2b-4513-a1cd-2323143e4299_MG_89
deb5dd59-2b78-4ee6-b859-09f68cdc52e5_MG_99-->deb5dd59-2b78-4ee6-b859-09f68cdc52e5_M_6;deb5dd59-2b78-4ee6-b859-09f68cdc52e5_M_5;deb5dd59-2b78-4ee6-b859-09f68cdc52e5_M_4;deb5dd59-2b78-4ee6-b859-09f68cdc52e5_M_3;deb5dd59-2b78-4ee6-b859-09f68cdc52e5_M_2;deb5dd59-2b78-4ee6-b859-09f68cdc52e5_M_1;deb5dd59-2b78-4ee6-b859-09f68cdc52e5_M_0
91444e1b-1df5-491e-b635-b025d1668403_MG_6-->91444e1b-1df5-491e-b635-b025d1668403_M_5;91444e1b-1df5-491e-b635-b025d1668403_M_6;91444e1b-1df5-491e-b635-b025d1668403_M_7;91444e1b-1df5-491e-b635-b025d1668403_M_1;91444e1b-1df5-491e-b635-b025d1668403_M_2;91444e1b-1df5-491e-b635-b025d1668403_M_3;91444e1b-1df5-491e-b635-b025d1668403_M_4;91444e1b-1df5-491e-b635-b025d1668403_M_0
50119c65-9f17-40d8-9647-c6c2bfbd12c3_MG_39-->50119c65-9f17-40d8-9647-c6c2bfbd12c3_M_0;50119c65-9f17-40d8-9647-c6c2bfbd12c3_M_2;50119c65-9f17-40d8-9647-c6c2bfbd12c3_M_1;50119c65-9f17-40d8-9647-c6c2bfbd12c3_M_3
cb2b1c77-6cbd-4eb5-bb0e-9cb2b0f043d7_MG_143-->cb2b1c77-6cbd-4eb5-bb0e-9cb2b0f043d7_M_2;cb2b1c77-6cbd-4eb5-bb0e-9cb2b0f043d7_M_3;cb2b1c77-6cbd-4eb5-bb0e-9cb2b0f043d7_M_0;cb2b1c77-6cbd-4eb5-bb0e-9cb2b0f043d7_M_1;cb2b1c77-6cbd-4eb5-bb0e-9cb2b0f043d7_M_6;cb2b1c77-6cbd-4eb5-bb0e-9cb2b0f043d7_M_7;cb2b1c77-6cbd-4eb5-bb0e-9cb2b0f043d7_M_4;cb2b1c77-6cbd-4eb5-bb0e-9cb2b0f043d7_M_5
c65d712f-ad5c-48b1-b358-08678ead15ed_M_4-->c65d712f-ad5c-48b1-b358-08678ead15ed_MG_109
c65d712f-ad5c-48b1-b358-08678ead15ed_M_3-->c65d712f-ad5c-48b1-b358-08678ead15ed_MG_109
c65d712f-ad5c-48b1-b358-08678ead15ed_M_6-->c65d712f-ad5c-48b1-b358-08678ead15ed_MG_109
c65d712f-ad5c-48b1-b358-08678ead15ed_M_5-->c65d712f-ad5c-48b1-b358-08678ead15ed_MG_109
c65d712f-ad5c-48b1-b358-08678ead15ed_M_0-->c65d712f-ad5c-48b1-b358-08678ead15ed_MG_109
c65d712f-ad5c-48b1-b358-08678ead15ed_M_2-->c65d712f-ad5c-48b1-b358-08678ead15ed_MG_109
c65d712f-ad5c-48b1-b358-08678ead15ed_M_1-->c65d712f-ad5c-48b1-b358-08678ead15ed_MG_109
2eacba4f-d060-45dc-85db-078929004bf2_MG_157-->2eacba4f-d060-45dc-85db-078929004bf2_M_0;2eacba4f-d060-45dc-85db-078929004bf2_M_1;2eacba4f-d060-45dc-85db-078929004bf2_M_2;2eacba4f-d060-45dc-85db-078929004bf2_M_3;2eacba4f-d060-45dc-85db-078929004bf2_M_4;2eacba4f-d060-45dc-85db-078929004bf2_M_5
6d789359-9c51-41ed-bdc1-43d65b49d672_M_1-->6d789359-9c51-41ed-bdc1-43d65b49d672_MG_3
6d789359-9c51-41ed-bdc1-43d65b49d672_M_0-->6d789359-9c51-41ed-bdc1-43d65b49d672_MG_3
bd8b5e52-8a53-4b77-b74a-658f0fda92f3_M_5-->bd8b5e52-8a53-4b77-b74a-658f0fda92f3_MG_37
16a6c03a-f378-4604-a31f-0fdebb5db95b_MG_84-->16a6c03a-f378-4604-a31f-0fdebb5db95b_M_2;16a6c03a-f378-4604-a31f-0fdebb5db95b_M_1;16a6c03a-f378-4604-a31f-0fdebb5db95b_M_0
6d789359-9c51-41ed-bdc1-43d65b49d672_M_5-->6d789359-9c51-41ed-bdc1-43d65b49d672_MG_3
6d789359-9c51-41ed-bdc1-43d65b49d672_M_4-->6d789359-9c51-41ed-bdc1-43d65b49d672_MG_3
6d789359-9c51-41ed-bdc1-43d65b49d672_M_3-->6d789359-9c51-41ed-bdc1-43d65b49d672_MG_3
6d789359-9c51-41ed-bdc1-43d65b49d672_M_2-->6d789359-9c51-41ed-bdc1-43d65b49d672_MG_3
04dd899b-f4fb-49f0-97e9-05e1c5895023_M_5-->04dd899b-f4fb-49f0-97e9-05e1c5895023_MG_41
04dd899b-f4fb-49f0-97e9-05e1c5895023_M_4-->04dd899b-f4fb-49f0-97e9-05e1c5895023_MG_41
2b88bf26-2922-4d25-8cd7-d7dba9846b7b_MG_168-->2b88bf26-2922-4d25-8cd7-d7dba9846b7b_M_0;2b88bf26-2922-4d25-8cd7-d7dba9846b7b_M_1;2b88bf26-2922-4d25-8cd7-d7dba9846b7b_M_2;2b88bf26-2922-4d25-8cd7-d7dba9846b7b_M_3;2b88bf26-2922-4d25-8cd7-d7dba9846b7b_M_4;2b88bf26-2922-4d25-8cd7-d7dba9846b7b_M_5;2b88bf26-2922-4d25-8cd7-d7dba9846b7b_M_6
bd8b5e52-8a53-4b77-b74a-658f0fda92f3_M_0-->bd8b5e52-8a53-4b77-b74a-658f0fda92f3_MG_37
04dd899b-f4fb-49f0-97e9-05e1c5895023_M_7-->04dd899b-f4fb-49f0-97e9-05e1c5895023_MG_41
04dd899b-f4fb-49f0-97e9-05e1c5895023_M_6-->04dd899b-f4fb-49f0-97e9-05e1c5895023_MG_41
bd8b5e52-8a53-4b77-b74a-658f0fda92f3_M_2-->bd8b5e52-8a53-4b77-b74a-658f0fda92f3_MG_37
04dd899b-f4fb-49f0-97e9-05e1c5895023_M_1-->04dd899b-f4fb-49f0-97e9-05e1c5895023_MG_41
bd8b5e52-8a53-4b77-b74a-658f0fda92f3_M_1-->bd8b5e52-8a53-4b77-b74a-658f0fda92f3_MG_37
04dd899b-f4fb-49f0-97e9-05e1c5895023_M_0-->04dd899b-f4fb-49f0-97e9-05e1c5895023_MG_41
3066e707-1d2d-4d12-9244-6e0173c4329a_MG_151-->3066e707-1d2d-4d12-9244-6e0173c4329a_M_1;3066e707-1d2d-4d12-9244-6e0173c4329a_M_0
bd8b5e52-8a53-4b77-b74a-658f0fda92f3_M_4-->bd8b5e52-8a53-4b77-b74a-658f0fda92f3_MG_37
04dd899b-f4fb-49f0-97e9-05e1c5895023_M_3-->04dd899b-f4fb-49f0-97e9-05e1c5895023_MG_41
bd8b5e52-8a53-4b77-b74a-658f0fda92f3_M_3-->bd8b5e52-8a53-4b77-b74a-658f0fda92f3_MG_37
04dd899b-f4fb-49f0-97e9-05e1c5895023_M_2-->04dd899b-f4fb-49f0-97e9-05e1c5895023_MG_41
01a6649c-8ae8-473d-b8cf-b065ab3e9ec7_MG_110-->01a6649c-8ae8-473d-b8cf-b065ab3e9ec7_M_0;01a6649c-8ae8-473d-b8cf-b065ab3e9ec7_M_1;01a6649c-8ae8-473d-b8cf-b065ab3e9ec7_M_2;01a6649c-8ae8-473d-b8cf-b065ab3e9ec7_M_3
10ec450a-fc84-43de-ba3c-8b367d102089_M_2-->10ec450a-fc84-43de-ba3c-8b367d102089_MG_94
e5f87d85-1cf1-49b6-bb43-9e735e416fe3_M_0-->e5f87d85-1cf1-49b6-bb43-9e735e416fe3_MG_18
10ec450a-fc84-43de-ba3c-8b367d102089_M_3-->10ec450a-fc84-43de-ba3c-8b367d102089_MG_94
10ec450a-fc84-43de-ba3c-8b367d102089_M_4-->10ec450a-fc84-43de-ba3c-8b367d102089_MG_94
9aa86ccc-8227-425d-8019-4b9eaa09c8dd_MG_129-->9aa86ccc-8227-425d-8019-4b9eaa09c8dd_M_0;9aa86ccc-8227-425d-8019-4b9eaa09c8dd_M_1;9aa86ccc-8227-425d-8019-4b9eaa09c8dd_M_2;9aa86ccc-8227-425d-8019-4b9eaa09c8dd_M_3;9aa86ccc-8227-425d-8019-4b9eaa09c8dd_M_4
10ec450a-fc84-43de-ba3c-8b367d102089_M_5-->10ec450a-fc84-43de-ba3c-8b367d102089_MG_94
e5f87d85-1cf1-49b6-bb43-9e735e416fe3_M_3-->e5f87d85-1cf1-49b6-bb43-9e735e416fe3_MG_18
10ec450a-fc84-43de-ba3c-8b367d102089_M_6-->10ec450a-fc84-43de-ba3c-8b367d102089_MG_94
e5f87d85-1cf1-49b6-bb43-9e735e416fe3_M_4-->e5f87d85-1cf1-49b6-bb43-9e735e416fe3_MG_18
10ec450a-fc84-43de-ba3c-8b367d102089_M_7-->10ec450a-fc84-43de-ba3c-8b367d102089_MG_94
e5f87d85-1cf1-49b6-bb43-9e735e416fe3_M_1-->e5f87d85-1cf1-49b6-bb43-9e735e416fe3_MG_18
10ec450a-fc84-43de-ba3c-8b367d102089_M_8-->10ec450a-fc84-43de-ba3c-8b367d102089_MG_94
e5f87d85-1cf1-49b6-bb43-9e735e416fe3_M_2-->e5f87d85-1cf1-49b6-bb43-9e735e416fe3_MG_18
1fc145b4-ee04-4cbf-b1b5-121a312990de_M_0-->1fc145b4-ee04-4cbf-b1b5-121a312990de_MG_104
1fc145b4-ee04-4cbf-b1b5-121a312990de_M_1-->1fc145b4-ee04-4cbf-b1b5-121a312990de_MG_104
fadc4f90-da5d-46a6-909f-9abf7d94c47e_M_1-->fadc4f90-da5d-46a6-909f-9abf7d94c47e_MG_96
fadc4f90-da5d-46a6-909f-9abf7d94c47e_M_0-->fadc4f90-da5d-46a6-909f-9abf7d94c47e_MG_96
fadc4f90-da5d-46a6-909f-9abf7d94c47e_M_3-->fadc4f90-da5d-46a6-909f-9abf7d94c47e_MG_96
fadc4f90-da5d-46a6-909f-9abf7d94c47e_M_2-->fadc4f90-da5d-46a6-909f-9abf7d94c47e_MG_96
e5f87d85-1cf1-49b6-bb43-9e735e416fe3_M_7-->e5f87d85-1cf1-49b6-bb43-9e735e416fe3_MG_18
e5f87d85-1cf1-49b6-bb43-9e735e416fe3_M_8-->e5f87d85-1cf1-49b6-bb43-9e735e416fe3_MG_18
94a7edad-e715-4585-b9ff-a1cf05b4fee2_MG_97-->94a7edad-e715-4585-b9ff-a1cf05b4fee2_M_4;94a7edad-e715-4585-b9ff-a1cf05b4fee2_M_3;94a7edad-e715-4585-b9ff-a1cf05b4fee2_M_0;94a7edad-e715-4585-b9ff-a1cf05b4fee2_M_2;94a7edad-e715-4585-b9ff-a1cf05b4fee2_M_1
e5f87d85-1cf1-49b6-bb43-9e735e416fe3_M_5-->e5f87d85-1cf1-49b6-bb43-9e735e416fe3_MG_18
e5f87d85-1cf1-49b6-bb43-9e735e416fe3_M_6-->e5f87d85-1cf1-49b6-bb43-9e735e416fe3_MG_18
cc7de93b-665d-4e8e-8a4c-2a4007a0c901_MG_69-->cc7de93b-665d-4e8e-8a4c-2a4007a0c901_M_4;cc7de93b-665d-4e8e-8a4c-2a4007a0c901_M_5;cc7de93b-665d-4e8e-8a4c-2a4007a0c901_M_2;cc7de93b-665d-4e8e-8a4c-2a4007a0c901_M_3;cc7de93b-665d-4e8e-8a4c-2a4007a0c901_M_0;cc7de93b-665d-4e8e-8a4c-2a4007a0c901_M_1
10ec450a-fc84-43de-ba3c-8b367d102089_M_0-->10ec450a-fc84-43de-ba3c-8b367d102089_MG_94
10ec450a-fc84-43de-ba3c-8b367d102089_M_1-->10ec450a-fc84-43de-ba3c-8b367d102089_MG_94
609a9a72-3b99-4497-9494-0912a1d0c44f_M_3-->609a9a72-3b99-4497-9494-0912a1d0c44f_MG_83
1b2d1403-4d52-4ce3-beed-47ebb712f9c8_M_1-->1b2d1403-4d52-4ce3-beed-47ebb712f9c8_MG_167
609a9a72-3b99-4497-9494-0912a1d0c44f_M_2-->609a9a72-3b99-4497-9494-0912a1d0c44f_MG_83
1b2d1403-4d52-4ce3-beed-47ebb712f9c8_M_0-->1b2d1403-4d52-4ce3-beed-47ebb712f9c8_MG_167
609a9a72-3b99-4497-9494-0912a1d0c44f_M_5-->609a9a72-3b99-4497-9494-0912a1d0c44f_MG_83
1b2d1403-4d52-4ce3-beed-47ebb712f9c8_M_3-->1b2d1403-4d52-4ce3-beed-47ebb712f9c8_MG_167
609a9a72-3b99-4497-9494-0912a1d0c44f_M_4-->609a9a72-3b99-4497-9494-0912a1d0c44f_MG_83
1b2d1403-4d52-4ce3-beed-47ebb712f9c8_M_2-->1b2d1403-4d52-4ce3-beed-47ebb712f9c8_MG_167
609a9a72-3b99-4497-9494-0912a1d0c44f_M_7-->609a9a72-3b99-4497-9494-0912a1d0c44f_MG_83
609a9a72-3b99-4497-9494-0912a1d0c44f_M_6-->609a9a72-3b99-4497-9494-0912a1d0c44f_MG_83
609a9a72-3b99-4497-9494-0912a1d0c44f_M_8-->609a9a72-3b99-4497-9494-0912a1d0c44f_MG_83
d7b1db4d-6755-4cad-ab41-ccd63660c743_MG_77-->d7b1db4d-6755-4cad-ab41-ccd63660c743_M_2;d7b1db4d-6755-4cad-ab41-ccd63660c743_M_3;d7b1db4d-6755-4cad-ab41-ccd63660c743_M_0;d7b1db4d-6755-4cad-ab41-ccd63660c743_M_1;d7b1db4d-6755-4cad-ab41-ccd63660c743_M_6;d7b1db4d-6755-4cad-ab41-ccd63660c743_M_7;d7b1db4d-6755-4cad-ab41-ccd63660c743_M_4;d7b1db4d-6755-4cad-ab41-ccd63660c743_M_5;d7b1db4d-6755-4cad-ab41-ccd63660c743_M_8
1b2d1403-4d52-4ce3-beed-47ebb712f9c8_M_4-->1b2d1403-4d52-4ce3-beed-47ebb712f9c8_MG_167
609a9a72-3b99-4497-9494-0912a1d0c44f_M_1-->609a9a72-3b99-4497-9494-0912a1d0c44f_MG_83
609a9a72-3b99-4497-9494-0912a1d0c44f_M_0-->609a9a72-3b99-4497-9494-0912a1d0c44f_MG_83
dbdf4bd4-32a5-455c-be31-19a5191ec3d4_M_4-->dbdf4bd4-32a5-455c-be31-19a5191ec3d4_MG_93
dbdf4bd4-32a5-455c-be31-19a5191ec3d4_M_0-->dbdf4bd4-32a5-455c-be31-19a5191ec3d4_MG_93
dbdf4bd4-32a5-455c-be31-19a5191ec3d4_M_1-->dbdf4bd4-32a5-455c-be31-19a5191ec3d4_MG_93
dbdf4bd4-32a5-455c-be31-19a5191ec3d4_M_2-->dbdf4bd4-32a5-455c-be31-19a5191ec3d4_MG_93
dd342a25-50d1-4ead-8d01-5dd3e695d96d_M_0-->dd342a25-50d1-4ead-8d01-5dd3e695d96d_MG_126
dbdf4bd4-32a5-455c-be31-19a5191ec3d4_M_3-->dbdf4bd4-32a5-455c-be31-19a5191ec3d4_MG_93
9dab0bca-a117-496b-9921-502493082b1d_M_1-->9dab0bca-a117-496b-9921-502493082b1d_MG_128
9dab0bca-a117-496b-9921-502493082b1d_M_2-->9dab0bca-a117-496b-9921-502493082b1d_MG_128
9dab0bca-a117-496b-9921-502493082b1d_M_0-->9dab0bca-a117-496b-9921-502493082b1d_MG_128
4718e8b8-7b84-4257-95aa-ac0805d1f0f4_MG_141-->4718e8b8-7b84-4257-95aa-ac0805d1f0f4_M_6;4718e8b8-7b84-4257-95aa-ac0805d1f0f4_M_5;4718e8b8-7b84-4257-95aa-ac0805d1f0f4_M_7;4718e8b8-7b84-4257-95aa-ac0805d1f0f4_M_0;4718e8b8-7b84-4257-95aa-ac0805d1f0f4_M_2;4718e8b8-7b84-4257-95aa-ac0805d1f0f4_M_1;4718e8b8-7b84-4257-95aa-ac0805d1f0f4_M_4;4718e8b8-7b84-4257-95aa-ac0805d1f0f4_M_3
9dab0bca-a117-496b-9921-502493082b1d_M_5-->9dab0bca-a117-496b-9921-502493082b1d_MG_128
6d789359-9c51-41ed-bdc1-43d65b49d672_MG_3-->6d789359-9c51-41ed-bdc1-43d65b49d672_M_1;6d789359-9c51-41ed-bdc1-43d65b49d672_M_0;6d789359-9c51-41ed-bdc1-43d65b49d672_M_5;6d789359-9c51-41ed-bdc1-43d65b49d672_M_4;6d789359-9c51-41ed-bdc1-43d65b49d672_M_3;6d789359-9c51-41ed-bdc1-43d65b49d672_M_2
9dab0bca-a117-496b-9921-502493082b1d_M_3-->9dab0bca-a117-496b-9921-502493082b1d_MG_128
9dab0bca-a117-496b-9921-502493082b1d_M_4-->9dab0bca-a117-496b-9921-502493082b1d_MG_128
deb5dd59-2b78-4ee6-b859-09f68cdc52e5_M_1-->deb5dd59-2b78-4ee6-b859-09f68cdc52e5_MG_99
deb5dd59-2b78-4ee6-b859-09f68cdc52e5_M_0-->deb5dd59-2b78-4ee6-b859-09f68cdc52e5_MG_99
54622505-d746-4d23-b2f4-5876164cbc7d_MG_132-->54622505-d746-4d23-b2f4-5876164cbc7d_M_0;54622505-d746-4d23-b2f4-5876164cbc7d_M_1;54622505-d746-4d23-b2f4-5876164cbc7d_M_2;54622505-d746-4d23-b2f4-5876164cbc7d_M_3;54622505-d746-4d23-b2f4-5876164cbc7d_M_4;54622505-d746-4d23-b2f4-5876164cbc7d_M_5;54622505-d746-4d23-b2f4-5876164cbc7d_M_6;54622505-d746-4d23-b2f4-5876164cbc7d_M_7
b1819318-14b7-4452-9942-91566b54dc00_MG_32-->b1819318-14b7-4452-9942-91566b54dc00_M_8;b1819318-14b7-4452-9942-91566b54dc00_M_7;b1819318-14b7-4452-9942-91566b54dc00_M_6;b1819318-14b7-4452-9942-91566b54dc00_M_5;b1819318-14b7-4452-9942-91566b54dc00_M_4;b1819318-14b7-4452-9942-91566b54dc00_M_3;b1819318-14b7-4452-9942-91566b54dc00_M_2;b1819318-14b7-4452-9942-91566b54dc00_M_1;b1819318-14b7-4452-9942-91566b54dc00_M_0
3ad7b5d7-d962-47d5-82be-e048b0124c38_M_2-->3ad7b5d7-d962-47d5-82be-e048b0124c38_MG_74
7c4e29b4-10e7-4111-87d9-308890f571f4_MG_16-->7c4e29b4-10e7-4111-87d9-308890f571f4_M_2;7c4e29b4-10e7-4111-87d9-308890f571f4_M_3;7c4e29b4-10e7-4111-87d9-308890f571f4_M_0;7c4e29b4-10e7-4111-87d9-308890f571f4_M_1;7c4e29b4-10e7-4111-87d9-308890f571f4_M_4;7c4e29b4-10e7-4111-87d9-308890f571f4_M_5
3ad7b5d7-d962-47d5-82be-e048b0124c38_M_3-->3ad7b5d7-d962-47d5-82be-e048b0124c38_MG_74
3ad7b5d7-d962-47d5-82be-e048b0124c38_M_4-->3ad7b5d7-d962-47d5-82be-e048b0124c38_MG_74
3ad7b5d7-d962-47d5-82be-e048b0124c38_M_5-->3ad7b5d7-d962-47d5-82be-e048b0124c38_MG_74
3ad7b5d7-d962-47d5-82be-e048b0124c38_M_6-->3ad7b5d7-d962-47d5-82be-e048b0124c38_MG_74
3ad7b5d7-d962-47d5-82be-e048b0124c38_M_7-->3ad7b5d7-d962-47d5-82be-e048b0124c38_MG_74
77034e00-9f29-4afd-bc29-92a891d20b6b_M_1-->77034e00-9f29-4afd-bc29-92a891d20b6b_MG_46
77034e00-9f29-4afd-bc29-92a891d20b6b_M_0-->77034e00-9f29-4afd-bc29-92a891d20b6b_MG_46
dd342a25-50d1-4ead-8d01-5dd3e695d96d_M_2-->dd342a25-50d1-4ead-8d01-5dd3e695d96d_MG_126
0be6dd73-3dd3-41f3-b203-ab36681152c5_M_3-->0be6dd73-3dd3-41f3-b203-ab36681152c5_MG_170
ab048935-97c3-4766-9af0-0180080ec0b7_MG_29-->ab048935-97c3-4766-9af0-0180080ec0b7_M_2;ab048935-97c3-4766-9af0-0180080ec0b7_M_1;ab048935-97c3-4766-9af0-0180080ec0b7_M_0
77034e00-9f29-4afd-bc29-92a891d20b6b_M_6-->77034e00-9f29-4afd-bc29-92a891d20b6b_MG_46
dd342a25-50d1-4ead-8d01-5dd3e695d96d_M_1-->dd342a25-50d1-4ead-8d01-5dd3e695d96d_MG_126
0be6dd73-3dd3-41f3-b203-ab36681152c5_M_2-->0be6dd73-3dd3-41f3-b203-ab36681152c5_MG_170
dd342a25-50d1-4ead-8d01-5dd3e695d96d_M_4-->dd342a25-50d1-4ead-8d01-5dd3e695d96d_MG_126
0be6dd73-3dd3-41f3-b203-ab36681152c5_M_5-->0be6dd73-3dd3-41f3-b203-ab36681152c5_MG_170
dd342a25-50d1-4ead-8d01-5dd3e695d96d_M_3-->dd342a25-50d1-4ead-8d01-5dd3e695d96d_MG_126
0be6dd73-3dd3-41f3-b203-ab36681152c5_M_4-->0be6dd73-3dd3-41f3-b203-ab36681152c5_MG_170
77034e00-9f29-4afd-bc29-92a891d20b6b_M_3-->77034e00-9f29-4afd-bc29-92a891d20b6b_MG_46
77034e00-9f29-4afd-bc29-92a891d20b6b_M_2-->77034e00-9f29-4afd-bc29-92a891d20b6b_MG_46
77034e00-9f29-4afd-bc29-92a891d20b6b_M_5-->77034e00-9f29-4afd-bc29-92a891d20b6b_MG_46
0be6dd73-3dd3-41f3-b203-ab36681152c5_M_1-->0be6dd73-3dd3-41f3-b203-ab36681152c5_MG_170
77034e00-9f29-4afd-bc29-92a891d20b6b_M_4-->77034e00-9f29-4afd-bc29-92a891d20b6b_MG_46
0be6dd73-3dd3-41f3-b203-ab36681152c5_M_0-->0be6dd73-3dd3-41f3-b203-ab36681152c5_MG_170
6dedf7e0-bb90-4414-981d-2e5f625ac081_M_3-->6dedf7e0-bb90-4414-981d-2e5f625ac081_MG_163
6dedf7e0-bb90-4414-981d-2e5f625ac081_M_2-->6dedf7e0-bb90-4414-981d-2e5f625ac081_MG_163
0fd9492e-bd51-4f12-beb9-9ff03de55ccb_MG_81-->0fd9492e-bd51-4f12-beb9-9ff03de55ccb_M_2;0fd9492e-bd51-4f12-beb9-9ff03de55ccb_M_1;0fd9492e-bd51-4f12-beb9-9ff03de55ccb_M_0
6dedf7e0-bb90-4414-981d-2e5f625ac081_M_1-->6dedf7e0-bb90-4414-981d-2e5f625ac081_MG_163
6dedf7e0-bb90-4414-981d-2e5f625ac081_M_0-->6dedf7e0-bb90-4414-981d-2e5f625ac081_MG_163
e4bb3c56-0e8c-4af1-828c-b9712bb80324_MG_40-->e4bb3c56-0e8c-4af1-828c-b9712bb80324_M_3;e4bb3c56-0e8c-4af1-828c-b9712bb80324_M_2;e4bb3c56-0e8c-4af1-828c-b9712bb80324_M_5;e4bb3c56-0e8c-4af1-828c-b9712bb80324_M_4;e4bb3c56-0e8c-4af1-828c-b9712bb80324_M_7;e4bb3c56-0e8c-4af1-828c-b9712bb80324_M_6;e4bb3c56-0e8c-4af1-828c-b9712bb80324_M_1;e4bb3c56-0e8c-4af1-828c-b9712bb80324_M_0
867aa3ae-062f-442f-b33d-04386893894f_MG_4-->867aa3ae-062f-442f-b33d-04386893894f_M_0;867aa3ae-062f-442f-b33d-04386893894f_M_1;867aa3ae-062f-442f-b33d-04386893894f_M_2;867aa3ae-062f-442f-b33d-04386893894f_M_3
deb5dd59-2b78-4ee6-b859-09f68cdc52e5_M_6-->deb5dd59-2b78-4ee6-b859-09f68cdc52e5_MG_99
deb5dd59-2b78-4ee6-b859-09f68cdc52e5_M_5-->deb5dd59-2b78-4ee6-b859-09f68cdc52e5_MG_99
deb5dd59-2b78-4ee6-b859-09f68cdc52e5_M_4-->deb5dd59-2b78-4ee6-b859-09f68cdc52e5_MG_99
3119feaa-5578-4881-9697-474cd2a9020e_M_2-->3119feaa-5578-4881-9697-474cd2a9020e_MG_144
deb5dd59-2b78-4ee6-b859-09f68cdc52e5_M_3-->deb5dd59-2b78-4ee6-b859-09f68cdc52e5_MG_99
3119feaa-5578-4881-9697-474cd2a9020e_M_1-->3119feaa-5578-4881-9697-474cd2a9020e_MG_144
deb5dd59-2b78-4ee6-b859-09f68cdc52e5_M_2-->deb5dd59-2b78-4ee6-b859-09f68cdc52e5_MG_99
3119feaa-5578-4881-9697-474cd2a9020e_M_0-->3119feaa-5578-4881-9697-474cd2a9020e_MG_144
97b8013a-1614-4a37-90ca-d43ec48732bd_M_1-->97b8013a-1614-4a37-90ca-d43ec48732bd_MG_176
97b8013a-1614-4a37-90ca-d43ec48732bd_M_2-->97b8013a-1614-4a37-90ca-d43ec48732bd_MG_176
97b8013a-1614-4a37-90ca-d43ec48732bd_M_0-->97b8013a-1614-4a37-90ca-d43ec48732bd_MG_176
97b8013a-1614-4a37-90ca-d43ec48732bd_M_3-->97b8013a-1614-4a37-90ca-d43ec48732bd_MG_176
82224337-6c46-487f-a4ce-9eba8a1c73c7_M_7-->82224337-6c46-487f-a4ce-9eba8a1c73c7_MG_87
4d21775d-4b81-4818-b232-e5073560a5a3_MG_134-->4d21775d-4b81-4818-b232-e5073560a5a3_M_7;4d21775d-4b81-4818-b232-e5073560a5a3_M_8;4d21775d-4b81-4818-b232-e5073560a5a3_M_5;4d21775d-4b81-4818-b232-e5073560a5a3_M_6;4d21775d-4b81-4818-b232-e5073560a5a3_M_3;4d21775d-4b81-4818-b232-e5073560a5a3_M_4;4d21775d-4b81-4818-b232-e5073560a5a3_M_1;4d21775d-4b81-4818-b232-e5073560a5a3_M_2;4d21775d-4b81-4818-b232-e5073560a5a3_M_0
1fb1819c-30b6-49f6-9be5-f9f5ab14c927_M_1-->1fb1819c-30b6-49f6-9be5-f9f5ab14c927_MG_7
1fb1819c-30b6-49f6-9be5-f9f5ab14c927_M_0-->1fb1819c-30b6-49f6-9be5-f9f5ab14c927_MG_7
82224337-6c46-487f-a4ce-9eba8a1c73c7_M_4-->82224337-6c46-487f-a4ce-9eba8a1c73c7_MG_87
82224337-6c46-487f-a4ce-9eba8a1c73c7_M_3-->82224337-6c46-487f-a4ce-9eba8a1c73c7_MG_87
82224337-6c46-487f-a4ce-9eba8a1c73c7_M_6-->82224337-6c46-487f-a4ce-9eba8a1c73c7_MG_87
82224337-6c46-487f-a4ce-9eba8a1c73c7_M_5-->82224337-6c46-487f-a4ce-9eba8a1c73c7_MG_87
82224337-6c46-487f-a4ce-9eba8a1c73c7_M_0-->82224337-6c46-487f-a4ce-9eba8a1c73c7_MG_87
24833ce3-4c1c-46c5-8b62-64bd4ac9e489_MG_25-->24833ce3-4c1c-46c5-8b62-64bd4ac9e489_M_7;24833ce3-4c1c-46c5-8b62-64bd4ac9e489_M_6;24833ce3-4c1c-46c5-8b62-64bd4ac9e489_M_3;24833ce3-4c1c-46c5-8b62-64bd4ac9e489_M_2;24833ce3-4c1c-46c5-8b62-64bd4ac9e489_M_5;24833ce3-4c1c-46c5-8b62-64bd4ac9e489_M_4;24833ce3-4c1c-46c5-8b62-64bd4ac9e489_M_1;24833ce3-4c1c-46c5-8b62-64bd4ac9e489_M_0
82224337-6c46-487f-a4ce-9eba8a1c73c7_M_2-->82224337-6c46-487f-a4ce-9eba8a1c73c7_MG_87
82224337-6c46-487f-a4ce-9eba8a1c73c7_M_1-->82224337-6c46-487f-a4ce-9eba8a1c73c7_MG_87
